SITE_ID,year,presence
1,1994,1
1,1995,1
1,1996,1
1,1997,1
1,1998,1
1,1999,1
1,2000,1
1,2001,1
1,2002,1
1,2003,1
1,2004,1
1,2005,1
1,2006,1
1,2007,1
1,2008,1
1,2009,1
1,2010,1
1,2011,1
1,2012,1
1,2013,1
1,2014,1
1,2015,1
1,2016,1
1,2017,1
1,2018,1
1,2019,1
1,2020,1
1,2021,1
1,2022,1
1,2023,1
1,2024,1
2,1994,0
2,1995,0
2,1996,0
2,1997,0
2,1998,0
2,1999,0
2,2000,0
2,2001,0
2,2002,0
2,2003,0
2,2004,0
2,2005,0
2,2006,0
2,2007,0
2,2008,0
2,2009,0
2,2010,0
2,2011,0
2,2012,0
2,2013,0
2,2014,0
2,2015,0
2,2016,0
2,2017,0
2,2018,0
2,2019,0
2,2020,0
2,2021,0
2,2022,0
2,2023,0
2,2024,0
3,1994,0
3,1995,0
3,1996,0
3,1997,0
3,1998,0
3,1999,0
3,2000,0
3,2001,0
3,2002,0
3,2003,0
3,2004,0
3,2005,0
3,2006,0
3,2007,0
3,2008,0
3,2009,0
3,2010,0
3,2011,0
3,2012,0
3,2013,0
3,2014,0
3,2015,0
3,2016,0
3,2017,0
3,2018,0
3,2019,0
3,2020,0
3,2021,0
3,2022,0
3,2023,0
3,2024,0
4,1994,1
4,1995,1
4,1996,1
4,1997,1
4,1998,0
4,1999,0
4,2000,0
4,2001,0
4,2002,0
4,2003,0
4,2004,0
4,2005,0
4,2006,0
4,2007,0
4,2008,0
4,2009,0
4,2010,0
4,2011,0
4,2012,0
4,2013,0
4,2014,0
4,2015,0
4,2016,0
4,2017,0
4,2018,0
4,2019,0
4,2020,0
4,2021,0
4,2022,0
4,2023,0
4,2024,0
5,1994,1
5,1995,1
5,1996,1
5,1997,1
5,1998,1
5,1999,1
5,2000,1
5,2001,1
5,2002,1
5,2003,1
5,2004,1
5,2005,1
5,2006,1
5,2007,1
5,2008,1
5,2009,1
5,2010,1
5,2011,1
5,2012,1
5,2013,1
5,2014,1
5,2015,1
5,2016,1
5,2017,1
5,2018,1
5,2019,1
5,2020,1
5,2021,1
5,2022,1
5,2023,1
5,2024,1
6,1994,1
6,1995,1
6,1996,1
6,1997,1
6,1998,1
6,1999,0
6,2000,0
6,2001,0
6,2002,0
6,2003,0
6,2004,0
6,2005,0
6,2006,0
6,2007,0
6,2008,0
6,2009,0
6,2010,0
6,2011,0
6,2012,0
6,2013,0
6,2014,0
6,2015,0
6,2016,0
6,2017,0
6,2018,0
6,2019,0
6,2020,0
6,2021,0
6,2022,0
6,2023,0
6,2024,0
7,1994,1
7,1995,1
7,1996,1
7,1997,1
7,1998,0
7,1999,0
7,2000,0
7,2001,0
7,2002,0
7,2003,0
7,2004,0
7,2005,0
7,2006,0
7,2007,1
7,2008,1
7,2009,1
7,2010,0
7,2011,0
7,2012,0
7,2013,0
7,2014,0
7,2015,0
7,2016,0
7,2017,0
7,2018,0
7,2019,0
7,2020,0
7,2021,0
7,2022,0
7,2023,0
7,2024,0
8,1994,1
8,1995,1
8,1996,1
8,1997,1
8,1998,1
8,1999,1
8,2000,1
8,2001,1
8,2002,1
8,2003,1
8,2004,1
8,2005,1
8,2006,1
8,2007,1
8,2008,1
8,2009,1
8,2010,1
8,2011,1
8,2012,1
8,2013,1
8,2014,1
8,2015,1
8,2016,1
8,2017,1
8,2018,1
8,2019,1
8,2020,0
8,2021,1
8,2022,1
8,2023,1
8,2024,1
9,1994,1
9,1995,1
9,1996,1
9,1997,1
9,1998,1
9,1999,1
9,2000,1
9,2001,1
9,2002,1
9,2003,1
9,2004,1
9,2005,1
9,2006,1
9,2007,1
9,2008,1
9,2009,1
9,2010,1
9,2011,1
9,2012,1
9,2013,1
9,2014,1
9,2015,1
9,2016,1
9,2017,1
9,2018,1
9,2019,1
9,2020,1
9,2021,1
9,2022,1
9,2023,1
9,2024,1
10,1994,1
10,1995,1
10,1996,1
10,1997,1
10,1998,1
10,1999,1
10,2000,1
10,2001,1
10,2002,1
10,2003,1
10,2004,1
10,2005,1
10,2006,1
10,2007,1
10,2008,1
10,2009,1
10,2010,1
10,2011,1
10,2012,0
10,2013,0
10,2014,0
10,2015,0
10,2016,0
10,2017,0
10,2018,0
10,2019,0
10,2020,0
10,2021,0
10,2022,0
10,2023,0
10,2024,0
11,1994,1
11,1995,1
11,1996,1
11,1997,1
11,1998,1
11,1999,1
11,2000,0
11,2001,1
11,2002,0
11,2003,1
11,2004,1
11,2005,1
11,2006,1
11,2007,1
11,2008,0
11,2009,0
11,2010,0
11,2011,0
11,2012,1
11,2013,1
11,2014,1
11,2015,1
11,2016,1
11,2017,1
11,2018,1
11,2019,1
11,2020,1
11,2021,1
11,2022,1
11,2023,1
11,2024,1
12,1994,1
12,1995,1
12,1996,1
12,1997,1
12,1998,1
12,1999,1
12,2000,1
12,2001,1
12,2002,1
12,2003,1
12,2004,1
12,2005,1
12,2006,1
12,2007,1
12,2008,1
12,2009,1
12,2010,1
12,2011,1
12,2012,1
12,2013,1
12,2014,1
12,2015,1
12,2016,1
12,2017,1
12,2018,1
12,2019,1
12,2020,1
12,2021,1
12,2022,1
12,2023,1
12,2024,1
13,1994,1
13,1995,1
13,1996,1
13,1997,1
13,1998,1
13,1999,1
13,2000,1
13,2001,1
13,2002,1
13,2003,1
13,2004,1
13,2005,1
13,2006,0
13,2007,0
13,2008,0
13,2009,0
13,2010,0
13,2011,0
13,2012,0
13,2013,0
13,2014,0
13,2015,0
13,2016,0
13,2017,0
13,2018,0
13,2019,0
13,2020,0
13,2021,0
13,2022,0
13,2023,0
13,2024,0
14,1994,0
14,1995,1
14,1996,1
14,1997,0
14,1998,0
14,1999,0
14,2000,1
14,2001,0
14,2002,0
14,2003,0
14,2004,0
14,2005,0
14,2006,0
14,2007,0
14,2008,0
14,2009,0
14,2010,0
14,2011,0
14,2012,0
14,2013,0
14,2014,0
14,2015,0
14,2016,0
14,2017,0
14,2018,0
14,2019,0
14,2020,0
14,2021,0
14,2022,0
14,2023,0
14,2024,0
15,1994,0
15,1995,1
15,1996,1
15,1997,1
15,1998,0
15,1999,1
15,2000,1
15,2001,0
15,2002,0
15,2003,0
15,2004,1
15,2005,0
15,2006,1
15,2007,1
15,2008,0
15,2009,0
15,2010,0
15,2011,0
15,2012,0
15,2013,0
15,2014,0
15,2015,0
15,2016,0
15,2017,0
15,2018,0
15,2019,0
15,2020,0
15,2021,0
15,2022,0
15,2023,0
15,2024,0
16,1994,0
16,1995,1
16,1996,1
16,1997,0
16,1998,0
16,1999,0
16,2000,0
16,2001,0
16,2002,0
16,2003,0
16,2004,0
16,2005,0
16,2006,0
16,2007,0
16,2008,0
16,2009,0
16,2010,0
16,2011,0
16,2012,0
16,2013,0
16,2014,0
16,2015,0
16,2016,0
16,2017,0
16,2018,0
16,2019,0
16,2020,0
16,2021,0
16,2022,0
16,2023,0
16,2024,0
17,1994,0
17,1995,1
17,1996,1
17,1997,1
17,1998,0
17,1999,0
17,2000,1
17,2001,0
17,2002,0
17,2003,0
17,2004,0
17,2005,0
17,2006,0
17,2007,0
17,2008,0
17,2009,0
17,2010,0
17,2011,0
17,2012,0
17,2013,0
17,2014,0
17,2015,0
17,2016,0
17,2017,0
17,2018,0
17,2019,0
17,2020,0
17,2021,0
17,2022,0
17,2023,0
17,2024,0
18,1994,0
18,1995,1
18,1996,1
18,1997,1
18,1998,1
18,1999,1
18,2000,0
18,2001,0
18,2002,0
18,2003,0
18,2004,1
18,2005,1
18,2006,1
18,2007,0
18,2008,0
18,2009,0
18,2010,0
18,2011,0
18,2012,0
18,2013,0
18,2014,0
18,2015,0
18,2016,0
18,2017,1
18,2018,1
18,2019,1
18,2020,0
18,2021,1
18,2022,1
18,2023,1
18,2024,1
19,1994,0
19,1995,1
19,1996,1
19,1997,1
19,1998,1
19,1999,1
19,2000,1
19,2001,1
19,2002,1
19,2003,1
19,2004,1
19,2005,1
19,2006,1
19,2007,0
19,2008,0
19,2009,0
19,2010,0
19,2011,0
19,2012,0
19,2013,0
19,2014,0
19,2015,0
19,2016,0
19,2017,0
19,2018,0
19,2019,0
19,2020,0
19,2021,0
19,2022,0
19,2023,0
19,2024,0
20,1994,0
20,1995,1
20,1996,1
20,1997,1
20,1998,1
20,1999,1
20,2000,1
20,2001,1
20,2002,1
20,2003,1
20,2004,1
20,2005,0
20,2006,0
20,2007,0
20,2008,0
20,2009,0
20,2010,0
20,2011,0
20,2012,0
20,2013,0
20,2014,0
20,2015,0
20,2016,0
20,2017,1
20,2018,1
20,2019,1
20,2020,1
20,2021,1
20,2022,1
20,2023,1
20,2024,1
21,1994,0
21,1995,0
21,1996,1
21,1997,1
21,1998,1
21,1999,1
21,2000,1
21,2001,1
21,2002,1
21,2003,1
21,2004,1
21,2005,1
21,2006,1
21,2007,1
21,2008,1
21,2009,1
21,2010,1
21,2011,1
21,2012,1
21,2013,1
21,2014,1
21,2015,1
21,2016,1
21,2017,1
21,2018,1
21,2019,1
21,2020,0
21,2021,1
21,2022,1
21,2023,1
21,2024,1
22,1994,0
22,1995,0
22,1996,1
22,1997,0
22,1998,0
22,1999,0
22,2000,0
22,2001,0
22,2002,0
22,2003,0
22,2004,0
22,2005,0
22,2006,0
22,2007,0
22,2008,0
22,2009,0
22,2010,0
22,2011,0
22,2012,0
22,2013,0
22,2014,0
22,2015,0
22,2016,0
22,2017,0
22,2018,0
22,2019,0
22,2020,0
22,2021,0
22,2022,0
22,2023,0
22,2024,0
23,1994,0
23,1995,0
23,1996,0
23,1997,1
23,1998,1
23,1999,1
23,2000,1
23,2001,1
23,2002,1
23,2003,1
23,2004,1
23,2005,1
23,2006,1
23,2007,1
23,2008,1
23,2009,1
23,2010,1
23,2011,1
23,2012,1
23,2013,1
23,2014,1
23,2015,1
23,2016,1
23,2017,1
23,2018,1
23,2019,1
23,2020,1
23,2021,1
23,2022,1
23,2023,1
23,2024,1
24,1994,0
24,1995,0
24,1996,0
24,1997,1
24,1998,1
24,1999,1
24,2000,1
24,2001,1
24,2002,1
24,2003,0
24,2004,0
24,2005,1
24,2006,1
24,2007,1
24,2008,1
24,2009,1
24,2010,1
24,2011,1
24,2012,1
24,2013,1
24,2014,1
24,2015,1
24,2016,1
24,2017,1
24,2018,1
24,2019,1
24,2020,1
24,2021,1
24,2022,1
24,2023,1
24,2024,1
25,1994,0
25,1995,0
25,1996,0
25,1997,1
25,1998,1
25,1999,0
25,2000,0
25,2001,0
25,2002,0
25,2003,0
25,2004,0
25,2005,0
25,2006,0
25,2007,0
25,2008,0
25,2009,0
25,2010,0
25,2011,0
25,2012,0
25,2013,0
25,2014,0
25,2015,0
25,2016,0
25,2017,0
25,2018,0
25,2019,0
25,2020,0
25,2021,0
25,2022,0
25,2023,0
25,2024,0
26,1994,0
26,1995,0
26,1996,0
26,1997,1
26,1998,1
26,1999,1
26,2000,1
26,2001,1
26,2002,0
26,2003,1
26,2004,1
26,2005,0
26,2006,1
26,2007,1
26,2008,0
26,2009,1
26,2010,1
26,2011,0
26,2012,1
26,2013,1
26,2014,1
26,2015,1
26,2016,1
26,2017,1
26,2018,1
26,2019,1
26,2020,1
26,2021,1
26,2022,1
26,2023,1
26,2024,1
27,1994,0
27,1995,0
27,1996,0
27,1997,1
27,1998,1
27,1999,1
27,2000,1
27,2001,1
27,2002,0
27,2003,0
27,2004,0
27,2005,0
27,2006,0
27,2007,0
27,2008,0
27,2009,0
27,2010,0
27,2011,0
27,2012,0
27,2013,0
27,2014,0
27,2015,0
27,2016,0
27,2017,0
27,2018,0
27,2019,0
27,2020,0
27,2021,0
27,2022,1
27,2023,1
27,2024,1
28,1994,0
28,1995,0
28,1996,0
28,1997,1
28,1998,1
28,1999,1
28,2000,1
28,2001,1
28,2002,1
28,2003,1
28,2004,1
28,2005,1
28,2006,1
28,2007,1
28,2008,1
28,2009,1
28,2010,1
28,2011,1
28,2012,1
28,2013,1
28,2014,1
28,2015,1
28,2016,1
28,2017,1
28,2018,1
28,2019,1
28,2020,1
28,2021,1
28,2022,1
28,2023,1
28,2024,1
29,1994,0
29,1995,0
29,1996,0
29,1997,1
29,1998,1
29,1999,1
29,2000,1
29,2001,1
29,2002,1
29,2003,1
29,2004,1
29,2005,1
29,2006,1
29,2007,1
29,2008,1
29,2009,1
29,2010,1
29,2011,1
29,2012,1
29,2013,1
29,2014,1
29,2015,1
29,2016,1
29,2017,1
29,2018,1
29,2019,1
29,2020,1
29,2021,1
29,2022,1
29,2023,1
29,2024,1
30,1994,0
30,1995,0
30,1996,0
30,1997,0
30,1998,1
30,1999,0
30,2000,0
30,2001,0
30,2002,0
30,2003,0
30,2004,0
30,2005,0
30,2006,0
30,2007,0
30,2008,0
30,2009,0
30,2010,0
30,2011,0
30,2012,0
30,2013,0
30,2014,0
30,2015,0
30,2016,0
30,2017,0
30,2018,0
30,2019,0
30,2020,0
30,2021,0
30,2022,0
30,2023,0
30,2024,0
31,1994,0
31,1995,0
31,1996,0
31,1997,0
31,1998,1
31,1999,0
31,2000,0
31,2001,0
31,2002,0
31,2003,0
31,2004,0
31,2005,0
31,2006,0
31,2007,0
31,2008,0
31,2009,0
31,2010,0
31,2011,0
31,2012,0
31,2013,0
31,2014,0
31,2015,0
31,2016,0
31,2017,0
31,2018,0
31,2019,0
31,2020,0
31,2021,0
31,2022,0
31,2023,0
31,2024,0
32,1994,0
32,1995,0
32,1996,0
32,1997,0
32,1998,0
32,1999,1
32,2000,1
32,2001,1
32,2002,0
32,2003,0
32,2004,0
32,2005,0
32,2006,0
32,2007,0
32,2008,0
32,2009,0
32,2010,0
32,2011,0
32,2012,0
32,2013,0
32,2014,0
32,2015,0
32,2016,0
32,2017,0
32,2018,0
32,2019,0
32,2020,0
32,2021,0
32,2022,0
32,2023,0
32,2024,0
33,1994,0
33,1995,0
33,1996,0
33,1997,0
33,1998,0
33,1999,1
33,2000,1
33,2001,1
33,2002,1
33,2003,1
33,2004,1
33,2005,1
33,2006,1
33,2007,1
33,2008,1
33,2009,1
33,2010,1
33,2011,1
33,2012,1
33,2013,1
33,2014,1
33,2015,1
33,2016,1
33,2017,1
33,2018,1
33,2019,1
33,2020,1
33,2021,1
33,2022,1
33,2023,1
33,2024,1
34,1994,0
34,1995,0
34,1996,0
34,1997,0
34,1998,0
34,1999,1
34,2000,1
34,2001,1
34,2002,0
34,2003,1
34,2004,1
34,2005,1
34,2006,1
34,2007,1
34,2008,1
34,2009,1
34,2010,1
34,2011,1
34,2012,1
34,2013,1
34,2014,1
34,2015,1
34,2016,1
34,2017,1
34,2018,1
34,2019,1
34,2020,0
34,2021,1
34,2022,1
34,2023,1
34,2024,1
35,1994,0
35,1995,0
35,1996,0
35,1997,0
35,1998,0
35,1999,1
35,2000,0
35,2001,1
35,2002,1
35,2003,1
35,2004,1
35,2005,0
35,2006,1
35,2007,1
35,2008,1
35,2009,0
35,2010,0
35,2011,0
35,2012,0
35,2013,0
35,2014,0
35,2015,0
35,2016,0
35,2017,0
35,2018,0
35,2019,0
35,2020,0
35,2021,0
35,2022,0
35,2023,0
35,2024,0
36,1994,0
36,1995,0
36,1996,0
36,1997,0
36,1998,0
36,1999,1
36,2000,1
36,2001,1
36,2002,1
36,2003,0
36,2004,1
36,2005,1
36,2006,0
36,2007,1
36,2008,1
36,2009,0
36,2010,1
36,2011,1
36,2012,0
36,2013,0
36,2014,0
36,2015,0
36,2016,0
36,2017,0
36,2018,0
36,2019,0
36,2020,0
36,2021,0
36,2022,0
36,2023,0
36,2024,1
37,1994,0
37,1995,0
37,1996,0
37,1997,0
37,1998,0
37,1999,1
37,2000,1
37,2001,1
37,2002,0
37,2003,0
37,2004,0
37,2005,0
37,2006,0
37,2007,0
37,2008,0
37,2009,0
37,2010,0
37,2011,0
37,2012,0
37,2013,0
37,2014,0
37,2015,0
37,2016,0
37,2017,0
37,2018,0
37,2019,0
37,2020,0
37,2021,0
37,2022,0
37,2023,0
37,2024,0
38,1994,0
38,1995,0
38,1996,0
38,1997,0
38,1998,0
38,1999,1
38,2000,1
38,2001,1
38,2002,1
38,2003,1
38,2004,1
38,2005,1
38,2006,1
38,2007,1
38,2008,1
38,2009,1
38,2010,1
38,2011,0
38,2012,0
38,2013,0
38,2014,0
38,2015,0
38,2016,0
38,2017,0
38,2018,0
38,2019,0
38,2020,0
38,2021,0
38,2022,0
38,2023,0
38,2024,0
39,1994,0
39,1995,0
39,1996,0
39,1997,0
39,1998,0
39,1999,1
39,2000,1
39,2001,0
39,2002,0
39,2003,0
39,2004,0
39,2005,0
39,2006,0
39,2007,0
39,2008,0
39,2009,0
39,2010,0
39,2011,0
39,2012,0
39,2013,0
39,2014,0
39,2015,0
39,2016,0
39,2017,0
39,2018,0
39,2019,0
39,2020,0
39,2021,0
39,2022,0
39,2023,0
39,2024,0
40,1994,0
40,1995,0
40,1996,0
40,1997,0
40,1998,0
40,1999,0
40,2000,1
40,2001,1
40,2002,1
40,2003,1
40,2004,1
40,2005,1
40,2006,1
40,2007,1
40,2008,1
40,2009,1
40,2010,1
40,2011,1
40,2012,1
40,2013,1
40,2014,1
40,2015,1
40,2016,1
40,2017,1
40,2018,1
40,2019,1
40,2020,1
40,2021,1
40,2022,1
40,2023,1
40,2024,1
41,1994,0
41,1995,0
41,1996,0
41,1997,0
41,1998,0
41,1999,0
41,2000,1
41,2001,1
41,2002,1
41,2003,1
41,2004,1
41,2005,0
41,2006,0
41,2007,0
41,2008,0
41,2009,0
41,2010,0
41,2011,0
41,2012,0
41,2013,0
41,2014,0
41,2015,0
41,2016,0
41,2017,1
41,2018,1
41,2019,1
41,2020,1
41,2021,1
41,2022,1
41,2023,1
41,2024,1
42,1994,0
42,1995,0
42,1996,0
42,1997,0
42,1998,0
42,1999,0
42,2000,1
42,2001,1
42,2002,1
42,2003,1
42,2004,1
42,2005,1
42,2006,1
42,2007,1
42,2008,1
42,2009,1
42,2010,1
42,2011,1
42,2012,1
42,2013,0
42,2014,0
42,2015,0
42,2016,0
42,2017,0
42,2018,0
42,2019,0
42,2020,0
42,2021,0
42,2022,0
42,2023,0
42,2024,0
43,1994,0
43,1995,0
43,1996,0
43,1997,0
43,1998,0
43,1999,0
43,2000,1
43,2001,1
43,2002,1
43,2003,1
43,2004,1
43,2005,1
43,2006,1
43,2007,1
43,2008,0
43,2009,0
43,2010,0
43,2011,0
43,2012,0
43,2013,0
43,2014,0
43,2015,0
43,2016,0
43,2017,0
43,2018,0
43,2019,1
43,2020,1
43,2021,1
43,2022,1
43,2023,1
43,2024,1
45,1994,0
45,1995,0
45,1996,0
45,1997,0
45,1998,0
45,1999,0
45,2000,1
45,2001,1
45,2002,1
45,2003,1
45,2004,0
45,2005,1
45,2006,1
45,2007,0
45,2008,1
45,2009,1
45,2010,0
45,2011,1
45,2012,1
45,2013,0
45,2014,0
45,2015,0
45,2016,0
45,2017,0
45,2018,0
45,2019,0
45,2020,0
45,2021,0
45,2022,0
45,2023,0
45,2024,0
46,1994,0
46,1995,0
46,1996,0
46,1997,0
46,1998,0
46,1999,0
46,2000,0
46,2001,1
46,2002,0
46,2003,0
46,2004,0
46,2005,0
46,2006,0
46,2007,0
46,2008,0
46,2009,0
46,2010,0
46,2011,0
46,2012,0
46,2013,0
46,2014,0
46,2015,0
46,2016,0
46,2017,0
46,2018,0
46,2019,0
46,2020,0
46,2021,0
46,2022,0
46,2023,0
46,2024,0
47,1994,0
47,1995,0
47,1996,0
47,1997,0
47,1998,0
47,1999,0
47,2000,0
47,2001,1
47,2002,1
47,2003,1
47,2004,1
47,2005,1
47,2006,1
47,2007,1
47,2008,1
47,2009,0
47,2010,1
47,2011,0
47,2012,0
47,2013,0
47,2014,0
47,2015,0
47,2016,0
47,2017,1
47,2018,1
47,2019,1
47,2020,1
47,2021,0
47,2022,0
47,2023,0
47,2024,0
48,1994,0
48,1995,0
48,1996,0
48,1997,0
48,1998,0
48,1999,0
48,2000,0
48,2001,1
48,2002,1
48,2003,1
48,2004,1
48,2005,0
48,2006,1
48,2007,1
48,2008,1
48,2009,1
48,2010,1
48,2011,1
48,2012,1
48,2013,1
48,2014,0
48,2015,0
48,2016,0
48,2017,0
48,2018,0
48,2019,0
48,2020,0
48,2021,0
48,2022,0
48,2023,0
48,2024,0
49,1994,0
49,1995,0
49,1996,0
49,1997,0
49,1998,0
49,1999,0
49,2000,0
49,2001,1
49,2002,1
49,2003,1
49,2004,1
49,2005,0
49,2006,0
49,2007,0
49,2008,0
49,2009,0
49,2010,0
49,2011,0
49,2012,0
49,2013,0
49,2014,0
49,2015,0
49,2016,0
49,2017,0
49,2018,0
49,2019,0
49,2020,0
49,2021,0
49,2022,0
49,2023,0
49,2024,0
50,1994,0
50,1995,0
50,1996,0
50,1997,0
50,1998,0
50,1999,0
50,2000,0
50,2001,1
50,2002,1
50,2003,0
50,2004,0
50,2005,0
50,2006,0
50,2007,0
50,2008,0
50,2009,0
50,2010,0
50,2011,0
50,2012,0
50,2013,0
50,2014,0
50,2015,0
50,2016,0
50,2017,0
50,2018,0
50,2019,0
50,2020,0
50,2021,0
50,2022,0
50,2023,0
50,2024,0
51,1994,0
51,1995,0
51,1996,0
51,1997,0
51,1998,0
51,1999,0
51,2000,0
51,2001,1
51,2002,1
51,2003,1
51,2004,1
51,2005,1
51,2006,1
51,2007,1
51,2008,1
51,2009,1
51,2010,1
51,2011,1
51,2012,0
51,2013,1
51,2014,1
51,2015,1
51,2016,1
51,2017,1
51,2018,0
51,2019,0
51,2020,0
51,2021,0
51,2022,0
51,2023,0
51,2024,0
52,1994,0
52,1995,0
52,1996,0
52,1997,0
52,1998,0
52,1999,0
52,2000,0
52,2001,1
52,2002,0
52,2003,1
52,2004,1
52,2005,1
52,2006,1
52,2007,1
52,2008,1
52,2009,1
52,2010,1
52,2011,1
52,2012,1
52,2013,1
52,2014,1
52,2015,1
52,2016,1
52,2017,1
52,2018,1
52,2019,1
52,2020,1
52,2021,1
52,2022,1
52,2023,1
52,2024,1
53,1994,0
53,1995,0
53,1996,0
53,1997,0
53,1998,0
53,1999,0
53,2000,0
53,2001,1
53,2002,1
53,2003,1
53,2004,1
53,2005,1
53,2006,1
53,2007,1
53,2008,1
53,2009,0
53,2010,0
53,2011,0
53,2012,0
53,2013,0
53,2014,0
53,2015,0
53,2016,0
53,2017,0
53,2018,0
53,2019,0
53,2020,0
53,2021,1
53,2022,1
53,2023,1
53,2024,1
54,1994,0
54,1995,0
54,1996,0
54,1997,0
54,1998,0
54,1999,0
54,2000,0
54,2001,1
54,2002,1
54,2003,0
54,2004,1
54,2005,1
54,2006,1
54,2007,0
54,2008,0
54,2009,0
54,2010,0
54,2011,0
54,2012,0
54,2013,0
54,2014,0
54,2015,0
54,2016,0
54,2017,0
54,2018,0
54,2019,0
54,2020,0
54,2021,0
54,2022,0
54,2023,0
54,2024,0
55,1994,0
55,1995,0
55,1996,0
55,1997,0
55,1998,0
55,1999,0
55,2000,0
55,2001,1
55,2002,1
55,2003,1
55,2004,1
55,2005,1
55,2006,1
55,2007,1
55,2008,1
55,2009,1
55,2010,1
55,2011,1
55,2012,0
55,2013,1
55,2014,1
55,2015,1
55,2016,1
55,2017,1
55,2018,0
55,2019,1
55,2020,1
55,2021,1
55,2022,1
55,2023,1
55,2024,1
56,1994,0
56,1995,0
56,1996,0
56,1997,0
56,1998,0
56,1999,0
56,2000,0
56,2001,0
56,2002,0
56,2003,0
56,2004,0
56,2005,0
56,2006,0
56,2007,0
56,2008,0
56,2009,0
56,2010,0
56,2011,0
56,2012,0
56,2013,0
56,2014,0
56,2015,0
56,2016,0
56,2017,0
56,2018,0
56,2019,0
56,2020,0
56,2021,1
56,2022,1
56,2023,1
56,2024,1
58,1994,0
58,1995,0
58,1996,0
58,1997,0
58,1998,0
58,1999,0
58,2000,0
58,2001,1
58,2002,1
58,2003,1
58,2004,1
58,2005,1
58,2006,1
58,2007,1
58,2008,1
58,2009,1
58,2010,1
58,2011,1
58,2012,1
58,2013,1
58,2014,1
58,2015,1
58,2016,1
58,2017,1
58,2018,1
58,2019,1
58,2020,1
58,2021,1
58,2022,1
58,2023,1
58,2024,1
59,1994,0
59,1995,0
59,1996,0
59,1997,0
59,1998,0
59,1999,0
59,2000,0
59,2001,0
59,2002,1
59,2003,1
59,2004,1
59,2005,1
59,2006,1
59,2007,1
59,2008,1
59,2009,1
59,2010,1
59,2011,1
59,2012,1
59,2013,1
59,2014,1
59,2015,1
59,2016,1
59,2017,1
59,2018,1
59,2019,1
59,2020,1
59,2021,1
59,2022,1
59,2023,0
59,2024,1
60,1994,0
60,1995,0
60,1996,0
60,1997,0
60,1998,0
60,1999,0
60,2000,0
60,2001,1
60,2002,1
60,2003,1
60,2004,1
60,2005,1
60,2006,1
60,2007,1
60,2008,1
60,2009,1
60,2010,1
60,2011,1
60,2012,1
60,2013,1
60,2014,1
60,2015,1
60,2016,1
60,2017,1
60,2018,1
60,2019,1
60,2020,1
60,2021,1
60,2022,1
60,2023,1
60,2024,1
61,1994,0
61,1995,0
61,1996,0
61,1997,0
61,1998,0
61,1999,0
61,2000,0
61,2001,1
61,2002,1
61,2003,1
61,2004,1
61,2005,1
61,2006,1
61,2007,1
61,2008,1
61,2009,1
61,2010,1
61,2011,1
61,2012,1
61,2013,1
61,2014,1
61,2015,1
61,2016,1
61,2017,1
61,2018,1
61,2019,1
61,2020,1
61,2021,1
61,2022,1
61,2023,1
61,2024,1
63,1994,0
63,1995,0
63,1996,0
63,1997,0
63,1998,0
63,1999,0
63,2000,0
63,2001,0
63,2002,1
63,2003,0
63,2004,0
63,2005,0
63,2006,0
63,2007,0
63,2008,0
63,2009,0
63,2010,0
63,2011,0
63,2012,0
63,2013,0
63,2014,0
63,2015,0
63,2016,0
63,2017,0
63,2018,0
63,2019,0
63,2020,0
63,2021,0
63,2022,0
63,2023,0
63,2024,0
64,1994,0
64,1995,0
64,1996,0
64,1997,0
64,1998,0
64,1999,0
64,2000,0
64,2001,0
64,2002,1
64,2003,1
64,2004,1
64,2005,1
64,2006,1
64,2007,1
64,2008,1
64,2009,1
64,2010,1
64,2011,1
64,2012,0
64,2013,0
64,2014,0
64,2015,0
64,2016,0
64,2017,0
64,2018,0
64,2019,0
64,2020,0
64,2021,1
64,2022,1
64,2023,1
64,2024,1
65,1994,0
65,1995,0
65,1996,0
65,1997,0
65,1998,0
65,1999,0
65,2000,0
65,2001,0
65,2002,1
65,2003,1
65,2004,0
65,2005,0
65,2006,0
65,2007,0
65,2008,0
65,2009,0
65,2010,0
65,2011,0
65,2012,0
65,2013,0
65,2014,0
65,2015,0
65,2016,0
65,2017,0
65,2018,0
65,2019,0
65,2020,0
65,2021,0
65,2022,0
65,2023,0
65,2024,0
66,1994,0
66,1995,0
66,1996,0
66,1997,0
66,1998,0
66,1999,0
66,2000,0
66,2001,0
66,2002,0
66,2003,1
66,2004,1
66,2005,1
66,2006,1
66,2007,1
66,2008,1
66,2009,1
66,2010,1
66,2011,1
66,2012,1
66,2013,1
66,2014,1
66,2015,1
66,2016,1
66,2017,1
66,2018,1
66,2019,1
66,2020,1
66,2021,1
66,2022,1
66,2023,0
66,2024,0
67,1994,0
67,1995,0
67,1996,0
67,1997,0
67,1998,0
67,1999,0
67,2000,0
67,2001,0
67,2002,1
67,2003,1
67,2004,1
67,2005,1
67,2006,1
67,2007,1
67,2008,1
67,2009,1
67,2010,1
67,2011,1
67,2012,1
67,2013,1
67,2014,1
67,2015,1
67,2016,1
67,2017,1
67,2018,1
67,2019,1
67,2020,1
67,2021,1
67,2022,1
67,2023,1
67,2024,1
68,1994,0
68,1995,0
68,1996,0
68,1997,0
68,1998,0
68,1999,0
68,2000,0
68,2001,0
68,2002,1
68,2003,1
68,2004,1
68,2005,1
68,2006,1
68,2007,1
68,2008,1
68,2009,1
68,2010,1
68,2011,1
68,2012,1
68,2013,1
68,2014,1
68,2015,1
68,2016,1
68,2017,1
68,2018,1
68,2019,1
68,2020,1
68,2021,1
68,2022,1
68,2023,1
68,2024,1
69,1994,0
69,1995,0
69,1996,0
69,1997,0
69,1998,0
69,1999,0
69,2000,0
69,2001,0
69,2002,0
69,2003,1
69,2004,1
69,2005,1
69,2006,1
69,2007,1
69,2008,1
69,2009,1
69,2010,1
69,2011,1
69,2012,1
69,2013,1
69,2014,1
69,2015,1
69,2016,1
69,2017,1
69,2018,1
69,2019,1
69,2020,1
69,2021,1
69,2022,1
69,2023,1
69,2024,1
70,1994,0
70,1995,0
70,1996,0
70,1997,0
70,1998,0
70,1999,0
70,2000,0
70,2001,0
70,2002,0
70,2003,1
70,2004,1
70,2005,1
70,2006,1
70,2007,1
70,2008,1
70,2009,1
70,2010,1
70,2011,1
70,2012,1
70,2013,0
70,2014,0
70,2015,0
70,2016,0
70,2017,0
70,2018,0
70,2019,0
70,2020,0
70,2021,0
70,2022,0
70,2023,0
70,2024,0
71,1994,0
71,1995,0
71,1996,0
71,1997,0
71,1998,0
71,1999,0
71,2000,0
71,2001,0
71,2002,0
71,2003,0
71,2004,1
71,2005,1
71,2006,1
71,2007,0
71,2008,0
71,2009,0
71,2010,0
71,2011,0
71,2012,0
71,2013,0
71,2014,0
71,2015,0
71,2016,0
71,2017,0
71,2018,0
71,2019,0
71,2020,0
71,2021,0
71,2022,1
71,2023,1
71,2024,1
72,1994,0
72,1995,0
72,1996,0
72,1997,0
72,1998,0
72,1999,0
72,2000,0
72,2001,0
72,2002,0
72,2003,1
72,2004,1
72,2005,1
72,2006,1
72,2007,1
72,2008,1
72,2009,1
72,2010,1
72,2011,1
72,2012,1
72,2013,1
72,2014,1
72,2015,1
72,2016,1
72,2017,1
72,2018,1
72,2019,1
72,2020,1
72,2021,1
72,2022,1
72,2023,1
72,2024,1
73,1994,0
73,1995,0
73,1996,0
73,1997,0
73,1998,0
73,1999,0
73,2000,0
73,2001,0
73,2002,0
73,2003,1
73,2004,1
73,2005,1
73,2006,1
73,2007,1
73,2008,1
73,2009,0
73,2010,1
73,2011,0
73,2012,0
73,2013,0
73,2014,0
73,2015,0
73,2016,0
73,2017,1
73,2018,1
73,2019,1
73,2020,1
73,2021,0
73,2022,0
73,2023,0
73,2024,0
74,1994,0
74,1995,0
74,1996,0
74,1997,0
74,1998,0
74,1999,0
74,2000,0
74,2001,0
74,2002,0
74,2003,0
74,2004,0
74,2005,1
74,2006,1
74,2007,1
74,2008,1
74,2009,1
74,2010,1
74,2011,1
74,2012,1
74,2013,0
74,2014,0
74,2015,0
74,2016,0
74,2017,0
74,2018,0
74,2019,0
74,2020,0
74,2021,0
74,2022,0
74,2023,0
74,2024,0
75,1994,0
75,1995,0
75,1996,0
75,1997,0
75,1998,0
75,1999,0
75,2000,0
75,2001,0
75,2002,0
75,2003,1
75,2004,1
75,2005,1
75,2006,1
75,2007,1
75,2008,1
75,2009,1
75,2010,1
75,2011,1
75,2012,1
75,2013,1
75,2014,1
75,2015,1
75,2016,1
75,2017,1
75,2018,1
75,2019,1
75,2020,1
75,2021,1
75,2022,1
75,2023,1
75,2024,1
76,1994,0
76,1995,0
76,1996,0
76,1997,0
76,1998,0
76,1999,0
76,2000,0
76,2001,0
76,2002,0
76,2003,0
76,2004,0
76,2005,1
76,2006,1
76,2007,1
76,2008,1
76,2009,1
76,2010,1
76,2011,1
76,2012,1
76,2013,1
76,2014,1
76,2015,1
76,2016,0
76,2017,1
76,2018,1
76,2019,1
76,2020,1
76,2021,1
76,2022,1
76,2023,1
76,2024,1
77,1994,0
77,1995,0
77,1996,0
77,1997,0
77,1998,0
77,1999,0
77,2000,0
77,2001,0
77,2002,0
77,2003,0
77,2004,1
77,2005,1
77,2006,1
77,2007,1
77,2008,1
77,2009,1
77,2010,1
77,2011,1
77,2012,1
77,2013,1
77,2014,1
77,2015,1
77,2016,1
77,2017,1
77,2018,1
77,2019,1
77,2020,1
77,2021,1
77,2022,1
77,2023,1
77,2024,1
78,1994,0
78,1995,0
78,1996,0
78,1997,0
78,1998,0
78,1999,0
78,2000,0
78,2001,0
78,2002,0
78,2003,0
78,2004,1
78,2005,1
78,2006,1
78,2007,1
78,2008,0
78,2009,0
78,2010,0
78,2011,0
78,2012,0
78,2013,0
78,2014,0
78,2015,0
78,2016,0
78,2017,0
78,2018,0
78,2019,0
78,2020,0
78,2021,0
78,2022,0
78,2023,0
78,2024,0
79,1994,0
79,1995,0
79,1996,0
79,1997,0
79,1998,0
79,1999,0
79,2000,0
79,2001,0
79,2002,0
79,2003,0
79,2004,0
79,2005,1
79,2006,1
79,2007,1
79,2008,1
79,2009,1
79,2010,1
79,2011,1
79,2012,1
79,2013,1
79,2014,1
79,2015,1
79,2016,1
79,2017,0
79,2018,0
79,2019,0
79,2020,0
79,2021,0
79,2022,0
79,2023,0
79,2024,0
80,1994,0
80,1995,0
80,1996,0
80,1997,0
80,1998,0
80,1999,0
80,2000,0
80,2001,0
80,2002,0
80,2003,0
80,2004,0
80,2005,1
80,2006,1
80,2007,1
80,2008,1
80,2009,1
80,2010,1
80,2011,1
80,2012,1
80,2013,1
80,2014,1
80,2015,1
80,2016,1
80,2017,1
80,2018,1
80,2019,1
80,2020,1
80,2021,1
80,2022,1
80,2023,1
80,2024,1
81,1994,0
81,1995,0
81,1996,0
81,1997,0
81,1998,0
81,1999,0
81,2000,0
81,2001,0
81,2002,0
81,2003,0
81,2004,0
81,2005,0
81,2006,0
81,2007,0
81,2008,1
81,2009,0
81,2010,0
81,2011,0
81,2012,0
81,2013,0
81,2014,0
81,2015,0
81,2016,0
81,2017,0
81,2018,0
81,2019,0
81,2020,0
81,2021,0
81,2022,0
81,2023,0
81,2024,0
82,1994,0
82,1995,0
82,1996,0
82,1997,0
82,1998,0
82,1999,0
82,2000,0
82,2001,0
82,2002,0
82,2003,0
82,2004,0
82,2005,0
82,2006,1
82,2007,1
82,2008,1
82,2009,1
82,2010,1
82,2011,1
82,2012,1
82,2013,1
82,2014,1
82,2015,1
82,2016,1
82,2017,1
82,2018,1
82,2019,1
82,2020,1
82,2021,1
82,2022,1
82,2023,1
82,2024,1
83,1994,0
83,1995,0
83,1996,0
83,1997,0
83,1998,0
83,1999,0
83,2000,0
83,2001,0
83,2002,0
83,2003,0
83,2004,0
83,2005,1
83,2006,1
83,2007,0
83,2008,0
83,2009,0
83,2010,0
83,2011,0
83,2012,0
83,2013,0
83,2014,0
83,2015,0
83,2016,0
83,2017,0
83,2018,0
83,2019,1
83,2020,1
83,2021,1
83,2022,1
83,2023,1
83,2024,1
84,1994,0
84,1995,0
84,1996,0
84,1997,0
84,1998,0
84,1999,0
84,2000,0
84,2001,0
84,2002,0
84,2003,0
84,2004,0
84,2005,0
84,2006,1
84,2007,1
84,2008,0
84,2009,0
84,2010,0
84,2011,0
84,2012,0
84,2013,0
84,2014,0
84,2015,0
84,2016,0
84,2017,0
84,2018,0
84,2019,0
84,2020,0
84,2021,0
84,2022,0
84,2023,0
84,2024,0
85,1994,0
85,1995,0
85,1996,0
85,1997,0
85,1998,0
85,1999,0
85,2000,0
85,2001,0
85,2002,0
85,2003,0
85,2004,0
85,2005,0
85,2006,1
85,2007,1
85,2008,1
85,2009,1
85,2010,1
85,2011,0
85,2012,0
85,2013,0
85,2014,1
85,2015,1
85,2016,1
85,2017,1
85,2018,0
85,2019,1
85,2020,1
85,2021,1
85,2022,1
85,2023,1
85,2024,1
86,1994,0
86,1995,0
86,1996,0
86,1997,0
86,1998,0
86,1999,0
86,2000,0
86,2001,0
86,2002,0
86,2003,0
86,2004,0
86,2005,0
86,2006,1
86,2007,1
86,2008,1
86,2009,1
86,2010,1
86,2011,1
86,2012,1
86,2013,1
86,2014,1
86,2015,1
86,2016,1
86,2017,1
86,2018,1
86,2019,1
86,2020,1
86,2021,1
86,2022,1
86,2023,1
86,2024,1
87,1994,0
87,1995,0
87,1996,0
87,1997,0
87,1998,0
87,1999,0
87,2000,0
87,2001,0
87,2002,0
87,2003,0
87,2004,0
87,2005,0
87,2006,1
87,2007,1
87,2008,1
87,2009,1
87,2010,1
87,2011,1
87,2012,0
87,2013,0
87,2014,0
87,2015,0
87,2016,0
87,2017,1
87,2018,0
87,2019,1
87,2020,1
87,2021,1
87,2022,1
87,2023,1
87,2024,1
88,1994,0
88,1995,0
88,1996,0
88,1997,0
88,1998,0
88,1999,0
88,2000,0
88,2001,0
88,2002,0
88,2003,0
88,2004,0
88,2005,0
88,2006,1
88,2007,1
88,2008,1
88,2009,1
88,2010,1
88,2011,1
88,2012,1
88,2013,1
88,2014,1
88,2015,1
88,2016,1
88,2017,1
88,2018,1
88,2019,1
88,2020,1
88,2021,1
88,2022,1
88,2023,1
88,2024,1
89,1994,0
89,1995,0
89,1996,0
89,1997,0
89,1998,0
89,1999,0
89,2000,0
89,2001,0
89,2002,0
89,2003,0
89,2004,0
89,2005,0
89,2006,1
89,2007,0
89,2008,0
89,2009,0
89,2010,0
89,2011,1
89,2012,1
89,2013,1
89,2014,1
89,2015,1
89,2016,1
89,2017,1
89,2018,1
89,2019,1
89,2020,1
89,2021,1
89,2022,1
89,2023,1
89,2024,1
90,1994,0
90,1995,0
90,1996,0
90,1997,0
90,1998,0
90,1999,0
90,2000,0
90,2001,0
90,2002,0
90,2003,0
90,2004,0
90,2005,0
90,2006,1
90,2007,1
90,2008,1
90,2009,1
90,2010,1
90,2011,1
90,2012,1
90,2013,1
90,2014,1
90,2015,1
90,2016,1
90,2017,1
90,2018,1
90,2019,1
90,2020,0
90,2021,1
90,2022,0
90,2023,0
90,2024,1
91,1994,0
91,1995,0
91,1996,0
91,1997,0
91,1998,0
91,1999,0
91,2000,0
91,2001,0
91,2002,0
91,2003,0
91,2004,0
91,2005,0
91,2006,1
91,2007,1
91,2008,1
91,2009,1
91,2010,1
91,2011,1
91,2012,1
91,2013,1
91,2014,1
91,2015,1
91,2016,1
91,2017,1
91,2018,1
91,2019,1
91,2020,1
91,2021,1
91,2022,1
91,2023,1
91,2024,1
92,1994,0
92,1995,0
92,1996,0
92,1997,0
92,1998,0
92,1999,0
92,2000,0
92,2001,0
92,2002,0
92,2003,0
92,2004,0
92,2005,0
92,2006,1
92,2007,1
92,2008,1
92,2009,1
92,2010,1
92,2011,1
92,2012,1
92,2013,1
92,2014,1
92,2015,1
92,2016,1
92,2017,1
92,2018,1
92,2019,1
92,2020,1
92,2021,1
92,2022,1
92,2023,1
92,2024,1
93,1994,0
93,1995,0
93,1996,0
93,1997,0
93,1998,0
93,1999,0
93,2000,0
93,2001,0
93,2002,0
93,2003,0
93,2004,0
93,2005,0
93,2006,1
93,2007,1
93,2008,1
93,2009,1
93,2010,1
93,2011,1
93,2012,1
93,2013,1
93,2014,1
93,2015,1
93,2016,1
93,2017,1
93,2018,1
93,2019,1
93,2020,1
93,2021,1
93,2022,1
93,2023,1
93,2024,1
94,1994,0
94,1995,0
94,1996,0
94,1997,0
94,1998,0
94,1999,0
94,2000,0
94,2001,0
94,2002,0
94,2003,0
94,2004,0
94,2005,0
94,2006,1
94,2007,1
94,2008,1
94,2009,1
94,2010,1
94,2011,1
94,2012,1
94,2013,1
94,2014,1
94,2015,1
94,2016,0
94,2017,1
94,2018,1
94,2019,1
94,2020,1
94,2021,0
94,2022,0
94,2023,0
94,2024,0
95,1994,0
95,1995,0
95,1996,0
95,1997,0
95,1998,0
95,1999,0
95,2000,0
95,2001,0
95,2002,0
95,2003,0
95,2004,0
95,2005,0
95,2006,0
95,2007,1
95,2008,1
95,2009,1
95,2010,1
95,2011,1
95,2012,0
95,2013,0
95,2014,1
95,2015,0
95,2016,0
95,2017,0
95,2018,0
95,2019,1
95,2020,1
95,2021,1
95,2022,1
95,2023,1
95,2024,1
96,1994,0
96,1995,0
96,1996,0
96,1997,0
96,1998,0
96,1999,0
96,2000,0
96,2001,0
96,2002,0
96,2003,0
96,2004,0
96,2005,0
96,2006,0
96,2007,1
96,2008,1
96,2009,1
96,2010,1
96,2011,1
96,2012,1
96,2013,1
96,2014,1
96,2015,1
96,2016,1
96,2017,1
96,2018,1
96,2019,1
96,2020,1
96,2021,1
96,2022,1
96,2023,1
96,2024,1
97,1994,0
97,1995,0
97,1996,0
97,1997,0
97,1998,0
97,1999,0
97,2000,0
97,2001,0
97,2002,0
97,2003,0
97,2004,0
97,2005,0
97,2006,0
97,2007,1
97,2008,1
97,2009,1
97,2010,0
97,2011,0
97,2012,0
97,2013,0
97,2014,0
97,2015,0
97,2016,0
97,2017,1
97,2018,0
97,2019,1
97,2020,1
97,2021,1
97,2022,1
97,2023,1
97,2024,1
98,1994,0
98,1995,0
98,1996,0
98,1997,0
98,1998,0
98,1999,0
98,2000,0
98,2001,0
98,2002,0
98,2003,0
98,2004,0
98,2005,0
98,2006,0
98,2007,1
98,2008,1
98,2009,1
98,2010,1
98,2011,1
98,2012,1
98,2013,1
98,2014,1
98,2015,1
98,2016,1
98,2017,1
98,2018,1
98,2019,1
98,2020,1
98,2021,1
98,2022,1
98,2023,1
98,2024,1
99,1994,0
99,1995,0
99,1996,0
99,1997,0
99,1998,0
99,1999,0
99,2000,0
99,2001,0
99,2002,0
99,2003,0
99,2004,0
99,2005,0
99,2006,0
99,2007,1
99,2008,1
99,2009,1
99,2010,1
99,2011,1
99,2012,0
99,2013,0
99,2014,0
99,2015,0
99,2016,0
99,2017,0
99,2018,0
99,2019,0
99,2020,0
99,2021,0
99,2022,0
99,2023,0
99,2024,0
100,1994,0
100,1995,0
100,1996,0
100,1997,0
100,1998,0
100,1999,0
100,2000,0
100,2001,0
100,2002,0
100,2003,0
100,2004,0
100,2005,0
100,2006,0
100,2007,1
100,2008,1
100,2009,1
100,2010,1
100,2011,1
100,2012,1
100,2013,0
100,2014,0
100,2015,0
100,2016,0
100,2017,0
100,2018,0
100,2019,0
100,2020,0
100,2021,0
100,2022,0
100,2023,0
100,2024,0
101,1994,0
101,1995,0
101,1996,0
101,1997,0
101,1998,0
101,1999,0
101,2000,0
101,2001,0
101,2002,0
101,2003,0
101,2004,1
101,2005,1
101,2006,1
101,2007,1
101,2008,1
101,2009,1
101,2010,1
101,2011,1
101,2012,1
101,2013,1
101,2014,1
101,2015,1
101,2016,1
101,2017,1
101,2018,1
101,2019,1
101,2020,1
101,2021,1
101,2022,1
101,2023,1
101,2024,1
102,1994,0
102,1995,0
102,1996,0
102,1997,0
102,1998,0
102,1999,0
102,2000,0
102,2001,0
102,2002,0
102,2003,0
102,2004,0
102,2005,0
102,2006,0
102,2007,1
102,2008,1
102,2009,1
102,2010,1
102,2011,0
102,2012,0
102,2013,0
102,2014,0
102,2015,0
102,2016,0
102,2017,0
102,2018,0
102,2019,0
102,2020,0
102,2021,0
102,2022,0
102,2023,0
102,2024,0
103,1994,0
103,1995,0
103,1996,0
103,1997,0
103,1998,0
103,1999,0
103,2000,0
103,2001,0
103,2002,0
103,2003,0
103,2004,0
103,2005,0
103,2006,0
103,2007,1
103,2008,1
103,2009,1
103,2010,1
103,2011,0
103,2012,0
103,2013,0
103,2014,0
103,2015,0
103,2016,0
103,2017,0
103,2018,0
103,2019,0
103,2020,0
103,2021,0
103,2022,0
103,2023,0
103,2024,0
104,1994,0
104,1995,0
104,1996,0
104,1997,0
104,1998,0
104,1999,0
104,2000,0
104,2001,0
104,2002,0
104,2003,0
104,2004,0
104,2005,0
104,2006,0
104,2007,1
104,2008,1
104,2009,0
104,2010,0
104,2011,0
104,2012,0
104,2013,0
104,2014,0
104,2015,0
104,2016,0
104,2017,0
104,2018,0
104,2019,0
104,2020,0
104,2021,0
104,2022,0
104,2023,0
104,2024,0
105,1994,0
105,1995,0
105,1996,0
105,1997,0
105,1998,0
105,1999,0
105,2000,0
105,2001,0
105,2002,0
105,2003,0
105,2004,0
105,2005,0
105,2006,0
105,2007,0
105,2008,1
105,2009,1
105,2010,0
105,2011,0
105,2012,0
105,2013,0
105,2014,0
105,2015,0
105,2016,0
105,2017,0
105,2018,0
105,2019,0
105,2020,0
105,2021,0
105,2022,0
105,2023,0
105,2024,0
106,1994,0
106,1995,0
106,1996,0
106,1997,0
106,1998,0
106,1999,0
106,2000,0
106,2001,0
106,2002,0
106,2003,0
106,2004,0
106,2005,0
106,2006,0
106,2007,0
106,2008,1
106,2009,1
106,2010,1
106,2011,1
106,2012,1
106,2013,1
106,2014,1
106,2015,1
106,2016,1
106,2017,1
106,2018,1
106,2019,1
106,2020,1
106,2021,1
106,2022,1
106,2023,1
106,2024,1
107,1994,0
107,1995,0
107,1996,0
107,1997,0
107,1998,0
107,1999,0
107,2000,0
107,2001,0
107,2002,0
107,2003,0
107,2004,0
107,2005,0
107,2006,0
107,2007,0
107,2008,1
107,2009,1
107,2010,1
107,2011,1
107,2012,1
107,2013,1
107,2014,1
107,2015,1
107,2016,1
107,2017,1
107,2018,1
107,2019,1
107,2020,1
107,2021,1
107,2022,1
107,2023,1
107,2024,1
108,1994,0
108,1995,0
108,1996,0
108,1997,0
108,1998,0
108,1999,0
108,2000,0
108,2001,0
108,2002,0
108,2003,0
108,2004,0
108,2005,0
108,2006,0
108,2007,0
108,2008,1
108,2009,1
108,2010,1
108,2011,1
108,2012,1
108,2013,1
108,2014,1
108,2015,1
108,2016,1
108,2017,1
108,2018,1
108,2019,1
108,2020,1
108,2021,1
108,2022,1
108,2023,1
108,2024,1
109,1994,0
109,1995,0
109,1996,0
109,1997,0
109,1998,0
109,1999,0
109,2000,0
109,2001,0
109,2002,0
109,2003,0
109,2004,0
109,2005,0
109,2006,0
109,2007,0
109,2008,0
109,2009,1
109,2010,1
109,2011,1
109,2012,1
109,2013,1
109,2014,1
109,2015,1
109,2016,1
109,2017,1
109,2018,1
109,2019,1
109,2020,1
109,2021,1
109,2022,1
109,2023,1
109,2024,1
110,1994,0
110,1995,0
110,1996,0
110,1997,0
110,1998,0
110,1999,0
110,2000,0
110,2001,0
110,2002,0
110,2003,0
110,2004,0
110,2005,0
110,2006,0
110,2007,0
110,2008,0
110,2009,0
110,2010,1
110,2011,1
110,2012,1
110,2013,1
110,2014,1
110,2015,1
110,2016,1
110,2017,1
110,2018,0
110,2019,1
110,2020,1
110,2021,1
110,2022,1
110,2023,1
110,2024,1
111,1994,0
111,1995,0
111,1996,0
111,1997,0
111,1998,0
111,1999,0
111,2000,0
111,2001,0
111,2002,0
111,2003,0
111,2004,0
111,2005,0
111,2006,0
111,2007,0
111,2008,0
111,2009,1
111,2010,1
111,2011,1
111,2012,1
111,2013,1
111,2014,1
111,2015,1
111,2016,1
111,2017,1
111,2018,0
111,2019,0
111,2020,0
111,2021,0
111,2022,0
111,2023,0
111,2024,0
112,1994,0
112,1995,0
112,1996,0
112,1997,0
112,1998,0
112,1999,0
112,2000,0
112,2001,0
112,2002,0
112,2003,0
112,2004,0
112,2005,0
112,2006,0
112,2007,0
112,2008,0
112,2009,0
112,2010,1
112,2011,1
112,2012,1
112,2013,1
112,2014,1
112,2015,1
112,2016,1
112,2017,1
112,2018,1
112,2019,1
112,2020,1
112,2021,1
112,2022,1
112,2023,1
112,2024,1
113,1994,0
113,1995,0
113,1996,0
113,1997,0
113,1998,0
113,1999,0
113,2000,0
113,2001,0
113,2002,0
113,2003,0
113,2004,0
113,2005,0
113,2006,0
113,2007,0
113,2008,0
113,2009,0
113,2010,1
113,2011,1
113,2012,1
113,2013,1
113,2014,1
113,2015,1
113,2016,1
113,2017,1
113,2018,1
113,2019,1
113,2020,1
113,2021,1
113,2022,1
113,2023,1
113,2024,1
114,1994,0
114,1995,0
114,1996,0
114,1997,0
114,1998,0
114,1999,0
114,2000,0
114,2001,0
114,2002,0
114,2003,0
114,2004,0
114,2005,0
114,2006,0
114,2007,0
114,2008,0
114,2009,0
114,2010,1
114,2011,1
114,2012,1
114,2013,1
114,2014,1
114,2015,1
114,2016,1
114,2017,1
114,2018,1
114,2019,1
114,2020,1
114,2021,1
114,2022,0
114,2023,0
114,2024,0
115,1994,0
115,1995,0
115,1996,0
115,1997,0
115,1998,0
115,1999,0
115,2000,0
115,2001,0
115,2002,0
115,2003,0
115,2004,0
115,2005,0
115,2006,0
115,2007,0
115,2008,0
115,2009,0
115,2010,1
115,2011,1
115,2012,1
115,2013,1
115,2014,1
115,2015,1
115,2016,1
115,2017,1
115,2018,1
115,2019,1
115,2020,0
115,2021,1
115,2022,1
115,2023,1
115,2024,1
116,1994,0
116,1995,0
116,1996,0
116,1997,0
116,1998,0
116,1999,0
116,2000,0
116,2001,0
116,2002,0
116,2003,0
116,2004,0
116,2005,0
116,2006,0
116,2007,0
116,2008,0
116,2009,0
116,2010,0
116,2011,1
116,2012,1
116,2013,1
116,2014,1
116,2015,1
116,2016,1
116,2017,1
116,2018,1
116,2019,1
116,2020,1
116,2021,1
116,2022,1
116,2023,1
116,2024,1
117,1994,0
117,1995,0
117,1996,0
117,1997,0
117,1998,0
117,1999,0
117,2000,0
117,2001,0
117,2002,0
117,2003,0
117,2004,0
117,2005,0
117,2006,0
117,2007,0
117,2008,0
117,2009,0
117,2010,0
117,2011,1
117,2012,1
117,2013,1
117,2014,1
117,2015,1
117,2016,1
117,2017,1
117,2018,1
117,2019,1
117,2020,1
117,2021,1
117,2022,1
117,2023,1
117,2024,1
118,1994,0
118,1995,0
118,1996,0
118,1997,0
118,1998,0
118,1999,0
118,2000,0
118,2001,0
118,2002,0
118,2003,0
118,2004,0
118,2005,0
118,2006,0
118,2007,0
118,2008,0
118,2009,0
118,2010,0
118,2011,1
118,2012,1
118,2013,1
118,2014,1
118,2015,1
118,2016,1
118,2017,0
118,2018,0
118,2019,1
118,2020,1
118,2021,1
118,2022,0
118,2023,0
118,2024,0
119,1994,0
119,1995,0
119,1996,0
119,1997,0
119,1998,0
119,1999,0
119,2000,0
119,2001,0
119,2002,0
119,2003,0
119,2004,0
119,2005,0
119,2006,0
119,2007,0
119,2008,0
119,2009,0
119,2010,0
119,2011,0
119,2012,1
119,2013,1
119,2014,1
119,2015,1
119,2016,1
119,2017,0
119,2018,0
119,2019,0
119,2020,0
119,2021,0
119,2022,0
119,2023,0
119,2024,0
120,1994,0
120,1995,0
120,1996,0
120,1997,0
120,1998,0
120,1999,0
120,2000,0
120,2001,0
120,2002,0
120,2003,0
120,2004,0
120,2005,0
120,2006,0
120,2007,0
120,2008,0
120,2009,0
120,2010,0
120,2011,0
120,2012,1
120,2013,1
120,2014,1
120,2015,1
120,2016,1
120,2017,1
120,2018,1
120,2019,1
120,2020,1
120,2021,1
120,2022,1
120,2023,1
120,2024,1
121,1994,0
121,1995,0
121,1996,0
121,1997,0
121,1998,0
121,1999,0
121,2000,0
121,2001,0
121,2002,0
121,2003,0
121,2004,0
121,2005,0
121,2006,0
121,2007,0
121,2008,0
121,2009,0
121,2010,0
121,2011,0
121,2012,1
121,2013,1
121,2014,1
121,2015,1
121,2016,1
121,2017,1
121,2018,1
121,2019,1
121,2020,1
121,2021,1
121,2022,1
121,2023,1
121,2024,1
122,1994,0
122,1995,0
122,1996,0
122,1997,0
122,1998,0
122,1999,0
122,2000,0
122,2001,0
122,2002,0
122,2003,0
122,2004,0
122,2005,0
122,2006,0
122,2007,0
122,2008,0
122,2009,0
122,2010,0
122,2011,0
122,2012,1
122,2013,1
122,2014,1
122,2015,1
122,2016,1
122,2017,1
122,2018,1
122,2019,1
122,2020,1
122,2021,1
122,2022,1
122,2023,1
122,2024,1
123,1994,0
123,1995,0
123,1996,0
123,1997,0
123,1998,0
123,1999,0
123,2000,0
123,2001,0
123,2002,0
123,2003,0
123,2004,0
123,2005,0
123,2006,0
123,2007,0
123,2008,0
123,2009,0
123,2010,0
123,2011,0
123,2012,1
123,2013,1
123,2014,1
123,2015,1
123,2016,1
123,2017,1
123,2018,0
123,2019,1
123,2020,1
123,2021,1
123,2022,1
123,2023,1
123,2024,1
124,1994,0
124,1995,0
124,1996,0
124,1997,0
124,1998,0
124,1999,0
124,2000,0
124,2001,0
124,2002,0
124,2003,0
124,2004,0
124,2005,0
124,2006,0
124,2007,0
124,2008,0
124,2009,0
124,2010,0
124,2011,0
124,2012,0
124,2013,1
124,2014,0
124,2015,0
124,2016,0
124,2017,0
124,2018,0
124,2019,0
124,2020,0
124,2021,0
124,2022,0
124,2023,0
124,2024,0
125,1994,0
125,1995,0
125,1996,0
125,1997,0
125,1998,0
125,1999,0
125,2000,0
125,2001,0
125,2002,0
125,2003,0
125,2004,0
125,2005,0
125,2006,0
125,2007,0
125,2008,0
125,2009,0
125,2010,0
125,2011,0
125,2012,0
125,2013,1
125,2014,1
125,2015,1
125,2016,1
125,2017,1
125,2018,1
125,2019,1
125,2020,1
125,2021,1
125,2022,1
125,2023,1
125,2024,1
126,1994,0
126,1995,0
126,1996,0
126,1997,0
126,1998,0
126,1999,0
126,2000,0
126,2001,0
126,2002,0
126,2003,0
126,2004,0
126,2005,0
126,2006,0
126,2007,0
126,2008,0
126,2009,0
126,2010,0
126,2011,0
126,2012,0
126,2013,1
126,2014,1
126,2015,1
126,2016,1
126,2017,1
126,2018,1
126,2019,1
126,2020,1
126,2021,1
126,2022,1
126,2023,1
126,2024,1
127,1994,0
127,1995,0
127,1996,0
127,1997,0
127,1998,0
127,1999,0
127,2000,0
127,2001,0
127,2002,0
127,2003,0
127,2004,0
127,2005,0
127,2006,0
127,2007,0
127,2008,0
127,2009,0
127,2010,0
127,2011,0
127,2012,0
127,2013,1
127,2014,1
127,2015,1
127,2016,1
127,2017,1
127,2018,1
127,2019,1
127,2020,1
127,2021,1
127,2022,1
127,2023,1
127,2024,1
128,1994,0
128,1995,0
128,1996,0
128,1997,0
128,1998,0
128,1999,0
128,2000,0
128,2001,0
128,2002,0
128,2003,0
128,2004,0
128,2005,0
128,2006,0
128,2007,0
128,2008,0
128,2009,0
128,2010,0
128,2011,0
128,2012,1
128,2013,1
128,2014,1
128,2015,1
128,2016,1
128,2017,1
128,2018,1
128,2019,1
128,2020,1
128,2021,1
128,2022,1
128,2023,1
128,2024,1
129,1994,0
129,1995,0
129,1996,0
129,1997,0
129,1998,0
129,1999,0
129,2000,0
129,2001,0
129,2002,0
129,2003,0
129,2004,0
129,2005,0
129,2006,0
129,2007,0
129,2008,0
129,2009,0
129,2010,0
129,2011,0
129,2012,0
129,2013,0
129,2014,1
129,2015,1
129,2016,1
129,2017,1
129,2018,1
129,2019,1
129,2020,1
129,2021,1
129,2022,1
129,2023,1
129,2024,1
130,1994,0
130,1995,0
130,1996,0
130,1997,0
130,1998,0
130,1999,0
130,2000,0
130,2001,0
130,2002,0
130,2003,0
130,2004,0
130,2005,0
130,2006,0
130,2007,0
130,2008,0
130,2009,0
130,2010,0
130,2011,0
130,2012,0
130,2013,0
130,2014,1
130,2015,1
130,2016,1
130,2017,1
130,2018,1
130,2019,1
130,2020,1
130,2021,1
130,2022,1
130,2023,1
130,2024,0
131,1994,0
131,1995,0
131,1996,0
131,1997,0
131,1998,0
131,1999,0
131,2000,0
131,2001,0
131,2002,0
131,2003,0
131,2004,0
131,2005,0
131,2006,0
131,2007,0
131,2008,0
131,2009,0
131,2010,0
131,2011,0
131,2012,0
131,2013,0
131,2014,1
131,2015,0
131,2016,1
131,2017,1
131,2018,1
131,2019,1
131,2020,0
131,2021,1
131,2022,1
131,2023,1
131,2024,1
132,1994,0
132,1995,0
132,1996,0
132,1997,0
132,1998,0
132,1999,0
132,2000,0
132,2001,0
132,2002,0
132,2003,0
132,2004,0
132,2005,0
132,2006,0
132,2007,0
132,2008,0
132,2009,0
132,2010,0
132,2011,0
132,2012,0
132,2013,0
132,2014,1
132,2015,1
132,2016,1
132,2017,1
132,2018,1
132,2019,1
132,2020,1
132,2021,1
132,2022,1
132,2023,0
132,2024,0
133,1994,0
133,1995,0
133,1996,0
133,1997,0
133,1998,0
133,1999,0
133,2000,0
133,2001,0
133,2002,0
133,2003,0
133,2004,0
133,2005,0
133,2006,0
133,2007,0
133,2008,0
133,2009,0
133,2010,0
133,2011,0
133,2012,0
133,2013,0
133,2014,1
133,2015,0
133,2016,0
133,2017,0
133,2018,0
133,2019,0
133,2020,0
133,2021,0
133,2022,0
133,2023,0
133,2024,0
134,1994,0
134,1995,0
134,1996,0
134,1997,0
134,1998,0
134,1999,0
134,2000,0
134,2001,0
134,2002,0
134,2003,0
134,2004,0
134,2005,0
134,2006,0
134,2007,0
134,2008,0
134,2009,0
134,2010,0
134,2011,0
134,2012,0
134,2013,0
134,2014,0
134,2015,1
134,2016,1
134,2017,0
134,2018,1
134,2019,1
134,2020,1
134,2021,0
134,2022,0
134,2023,0
134,2024,0
135,1994,0
135,1995,0
135,1996,0
135,1997,0
135,1998,0
135,1999,0
135,2000,0
135,2001,0
135,2002,0
135,2003,0
135,2004,0
135,2005,0
135,2006,0
135,2007,0
135,2008,0
135,2009,0
135,2010,0
135,2011,0
135,2012,0
135,2013,0
135,2014,0
135,2015,1
135,2016,1
135,2017,0
135,2018,1
135,2019,0
135,2020,0
135,2021,0
135,2022,0
135,2023,0
135,2024,0
136,1994,0
136,1995,0
136,1996,0
136,1997,0
136,1998,0
136,1999,0
136,2000,0
136,2001,0
136,2002,0
136,2003,0
136,2004,0
136,2005,0
136,2006,0
136,2007,0
136,2008,0
136,2009,0
136,2010,0
136,2011,0
136,2012,0
136,2013,0
136,2014,0
136,2015,1
136,2016,1
136,2017,0
136,2018,1
136,2019,0
136,2020,0
136,2021,0
136,2022,0
136,2023,0
136,2024,0
137,1994,0
137,1995,0
137,1996,0
137,1997,0
137,1998,0
137,1999,0
137,2000,0
137,2001,0
137,2002,0
137,2003,0
137,2004,0
137,2005,0
137,2006,0
137,2007,0
137,2008,0
137,2009,0
137,2010,0
137,2011,0
137,2012,0
137,2013,0
137,2014,0
137,2015,1
137,2016,1
137,2017,1
137,2018,1
137,2019,1
137,2020,1
137,2021,1
137,2022,1
137,2023,1
137,2024,1
138,1994,0
138,1995,0
138,1996,0
138,1997,0
138,1998,0
138,1999,0
138,2000,0
138,2001,0
138,2002,0
138,2003,0
138,2004,0
138,2005,0
138,2006,0
138,2007,0
138,2008,0
138,2009,0
138,2010,0
138,2011,0
138,2012,0
138,2013,0
138,2014,0
138,2015,1
138,2016,1
138,2017,1
138,2018,1
138,2019,1
138,2020,1
138,2021,1
138,2022,0
138,2023,0
138,2024,0
139,1994,0
139,1995,0
139,1996,0
139,1997,0
139,1998,0
139,1999,0
139,2000,0
139,2001,0
139,2002,0
139,2003,0
139,2004,0
139,2005,0
139,2006,0
139,2007,0
139,2008,0
139,2009,0
139,2010,0
139,2011,0
139,2012,0
139,2013,0
139,2014,0
139,2015,1
139,2016,1
139,2017,1
139,2018,1
139,2019,1
139,2020,1
139,2021,1
139,2022,1
139,2023,1
139,2024,1
140,1994,0
140,1995,0
140,1996,0
140,1997,0
140,1998,0
140,1999,0
140,2000,0
140,2001,0
140,2002,0
140,2003,0
140,2004,0
140,2005,0
140,2006,0
140,2007,0
140,2008,0
140,2009,0
140,2010,0
140,2011,0
140,2012,0
140,2013,0
140,2014,0
140,2015,1
140,2016,1
140,2017,1
140,2018,1
140,2019,1
140,2020,1
140,2021,1
140,2022,1
140,2023,1
140,2024,1
141,1994,0
141,1995,0
141,1996,0
141,1997,0
141,1998,0
141,1999,0
141,2000,0
141,2001,0
141,2002,0
141,2003,0
141,2004,0
141,2005,0
141,2006,0
141,2007,0
141,2008,0
141,2009,0
141,2010,0
141,2011,0
141,2012,0
141,2013,0
141,2014,0
141,2015,1
141,2016,1
141,2017,1
141,2018,0
141,2019,0
141,2020,0
141,2021,0
141,2022,0
141,2023,0
141,2024,0
142,1994,0
142,1995,0
142,1996,0
142,1997,0
142,1998,0
142,1999,0
142,2000,0
142,2001,0
142,2002,0
142,2003,0
142,2004,0
142,2005,0
142,2006,0
142,2007,0
142,2008,0
142,2009,0
142,2010,0
142,2011,0
142,2012,0
142,2013,0
142,2014,0
142,2015,1
142,2016,1
142,2017,1
142,2018,1
142,2019,1
142,2020,1
142,2021,1
142,2022,1
142,2023,1
142,2024,1
143,1994,0
143,1995,0
143,1996,0
143,1997,0
143,1998,0
143,1999,0
143,2000,0
143,2001,0
143,2002,0
143,2003,0
143,2004,0
143,2005,0
143,2006,0
143,2007,0
143,2008,0
143,2009,0
143,2010,0
143,2011,0
143,2012,0
143,2013,0
143,2014,0
143,2015,1
143,2016,1
143,2017,1
143,2018,1
143,2019,0
143,2020,0
143,2021,1
143,2022,0
143,2023,0
143,2024,0
144,1994,0
144,1995,0
144,1996,0
144,1997,0
144,1998,0
144,1999,0
144,2000,0
144,2001,0
144,2002,0
144,2003,0
144,2004,0
144,2005,0
144,2006,0
144,2007,0
144,2008,0
144,2009,0
144,2010,0
144,2011,0
144,2012,0
144,2013,0
144,2014,0
144,2015,1
144,2016,1
144,2017,1
144,2018,1
144,2019,1
144,2020,1
144,2021,1
144,2022,1
144,2023,1
144,2024,1
145,1994,0
145,1995,0
145,1996,0
145,1997,0
145,1998,0
145,1999,0
145,2000,0
145,2001,0
145,2002,0
145,2003,0
145,2004,0
145,2005,0
145,2006,0
145,2007,0
145,2008,0
145,2009,0
145,2010,0
145,2011,0
145,2012,0
145,2013,0
145,2014,0
145,2015,1
145,2016,1
145,2017,1
145,2018,1
145,2019,1
145,2020,1
145,2021,1
145,2022,1
145,2023,1
145,2024,1
146,1994,0
146,1995,0
146,1996,0
146,1997,0
146,1998,0
146,1999,0
146,2000,0
146,2001,0
146,2002,0
146,2003,0
146,2004,0
146,2005,0
146,2006,0
146,2007,0
146,2008,0
146,2009,0
146,2010,0
146,2011,0
146,2012,0
146,2013,0
146,2014,0
146,2015,1
146,2016,1
146,2017,1
146,2018,1
146,2019,1
146,2020,1
146,2021,1
146,2022,1
146,2023,1
146,2024,1
147,1994,0
147,1995,0
147,1996,0
147,1997,0
147,1998,0
147,1999,0
147,2000,0
147,2001,0
147,2002,0
147,2003,0
147,2004,0
147,2005,0
147,2006,0
147,2007,0
147,2008,0
147,2009,0
147,2010,0
147,2011,0
147,2012,0
147,2013,0
147,2014,1
147,2015,1
147,2016,1
147,2017,1
147,2018,1
147,2019,1
147,2020,1
147,2021,1
147,2022,1
147,2023,1
147,2024,1
148,1994,0
148,1995,0
148,1996,0
148,1997,0
148,1998,0
148,1999,0
148,2000,0
148,2001,0
148,2002,0
148,2003,0
148,2004,0
148,2005,0
148,2006,0
148,2007,0
148,2008,0
148,2009,0
148,2010,0
148,2011,0
148,2012,0
148,2013,0
148,2014,0
148,2015,0
148,2016,0
148,2017,1
148,2018,1
148,2019,1
148,2020,1
148,2021,1
148,2022,1
148,2023,1
148,2024,1
149,1994,0
149,1995,0
149,1996,0
149,1997,0
149,1998,0
149,1999,0
149,2000,0
149,2001,0
149,2002,0
149,2003,0
149,2004,0
149,2005,0
149,2006,0
149,2007,0
149,2008,0
149,2009,0
149,2010,0
149,2011,0
149,2012,0
149,2013,0
149,2014,0
149,2015,0
149,2016,0
149,2017,1
149,2018,1
149,2019,1
149,2020,1
149,2021,1
149,2022,1
149,2023,1
149,2024,1
150,1994,0
150,1995,0
150,1996,0
150,1997,0
150,1998,0
150,1999,0
150,2000,0
150,2001,0
150,2002,0
150,2003,0
150,2004,0
150,2005,0
150,2006,0
150,2007,0
150,2008,0
150,2009,0
150,2010,0
150,2011,0
150,2012,0
150,2013,0
150,2014,0
150,2015,0
150,2016,0
150,2017,1
150,2018,1
150,2019,1
150,2020,1
150,2021,1
150,2022,1
150,2023,1
150,2024,1
151,1994,0
151,1995,0
151,1996,0
151,1997,0
151,1998,0
151,1999,0
151,2000,0
151,2001,0
151,2002,0
151,2003,0
151,2004,0
151,2005,0
151,2006,0
151,2007,0
151,2008,0
151,2009,0
151,2010,0
151,2011,0
151,2012,0
151,2013,0
151,2014,0
151,2015,0
151,2016,0
151,2017,1
151,2018,1
151,2019,1
151,2020,1
151,2021,1
151,2022,1
151,2023,1
151,2024,1
152,1994,0
152,1995,0
152,1996,0
152,1997,0
152,1998,0
152,1999,0
152,2000,0
152,2001,0
152,2002,0
152,2003,0
152,2004,0
152,2005,0
152,2006,0
152,2007,0
152,2008,0
152,2009,0
152,2010,0
152,2011,0
152,2012,0
152,2013,0
152,2014,0
152,2015,0
152,2016,0
152,2017,1
152,2018,1
152,2019,1
152,2020,1
152,2021,1
152,2022,1
152,2023,1
152,2024,1
153,1994,0
153,1995,0
153,1996,0
153,1997,0
153,1998,0
153,1999,0
153,2000,0
153,2001,0
153,2002,0
153,2003,0
153,2004,0
153,2005,0
153,2006,0
153,2007,0
153,2008,0
153,2009,0
153,2010,0
153,2011,0
153,2012,0
153,2013,0
153,2014,0
153,2015,0
153,2016,0
153,2017,1
153,2018,1
153,2019,1
153,2020,1
153,2021,1
153,2022,1
153,2023,1
153,2024,1
154,1994,0
154,1995,0
154,1996,0
154,1997,0
154,1998,0
154,1999,0
154,2000,0
154,2001,0
154,2002,0
154,2003,0
154,2004,0
154,2005,0
154,2006,0
154,2007,0
154,2008,0
154,2009,0
154,2010,0
154,2011,0
154,2012,0
154,2013,0
154,2014,0
154,2015,0
154,2016,0
154,2017,1
154,2018,1
154,2019,1
154,2020,1
154,2021,1
154,2022,1
154,2023,1
154,2024,1
155,1994,0
155,1995,0
155,1996,0
155,1997,0
155,1998,0
155,1999,0
155,2000,0
155,2001,0
155,2002,0
155,2003,0
155,2004,0
155,2005,0
155,2006,0
155,2007,0
155,2008,0
155,2009,0
155,2010,0
155,2011,0
155,2012,1
155,2013,1
155,2014,1
155,2015,1
155,2016,1
155,2017,1
155,2018,1
155,2019,1
155,2020,1
155,2021,1
155,2022,1
155,2023,1
155,2024,1
156,1994,0
156,1995,0
156,1996,0
156,1997,0
156,1998,0
156,1999,0
156,2000,0
156,2001,0
156,2002,0
156,2003,0
156,2004,0
156,2005,0
156,2006,0
156,2007,0
156,2008,0
156,2009,0
156,2010,0
156,2011,0
156,2012,0
156,2013,0
156,2014,0
156,2015,0
156,2016,0
156,2017,0
156,2018,1
156,2019,1
156,2020,1
156,2021,1
156,2022,1
156,2023,1
156,2024,1
157,1994,0
157,1995,0
157,1996,0
157,1997,0
157,1998,0
157,1999,0
157,2000,0
157,2001,0
157,2002,0
157,2003,0
157,2004,0
157,2005,0
157,2006,0
157,2007,0
157,2008,0
157,2009,0
157,2010,0
157,2011,0
157,2012,0
157,2013,0
157,2014,0
157,2015,0
157,2016,0
157,2017,0
157,2018,1
157,2019,1
157,2020,0
157,2021,0
157,2022,0
157,2023,0
157,2024,0
158,1994,0
158,1995,0
158,1996,0
158,1997,0
158,1998,0
158,1999,0
158,2000,0
158,2001,0
158,2002,0
158,2003,0
158,2004,0
158,2005,0
158,2006,0
158,2007,0
158,2008,0
158,2009,0
158,2010,0
158,2011,0
158,2012,0
158,2013,0
158,2014,0
158,2015,0
158,2016,0
158,2017,0
158,2018,1
158,2019,1
158,2020,1
158,2021,1
158,2022,1
158,2023,1
158,2024,1
159,1994,0
159,1995,0
159,1996,0
159,1997,0
159,1998,0
159,1999,0
159,2000,0
159,2001,0
159,2002,0
159,2003,0
159,2004,0
159,2005,0
159,2006,0
159,2007,0
159,2008,0
159,2009,0
159,2010,0
159,2011,0
159,2012,0
159,2013,0
159,2014,0
159,2015,0
159,2016,0
159,2017,0
159,2018,1
159,2019,1
159,2020,1
159,2021,0
159,2022,0
159,2023,1
159,2024,1
160,1994,0
160,1995,0
160,1996,0
160,1997,0
160,1998,0
160,1999,0
160,2000,0
160,2001,0
160,2002,0
160,2003,0
160,2004,0
160,2005,0
160,2006,0
160,2007,0
160,2008,0
160,2009,0
160,2010,0
160,2011,0
160,2012,0
160,2013,0
160,2014,0
160,2015,0
160,2016,0
160,2017,0
160,2018,1
160,2019,1
160,2020,1
160,2021,1
160,2022,1
160,2023,1
160,2024,1
161,1994,0
161,1995,0
161,1996,0
161,1997,0
161,1998,0
161,1999,0
161,2000,0
161,2001,0
161,2002,0
161,2003,0
161,2004,0
161,2005,0
161,2006,0
161,2007,0
161,2008,0
161,2009,0
161,2010,0
161,2011,0
161,2012,0
161,2013,0
161,2014,0
161,2015,0
161,2016,0
161,2017,0
161,2018,0
161,2019,1
161,2020,1
161,2021,0
161,2022,0
161,2023,0
161,2024,0
162,1994,0
162,1995,0
162,1996,0
162,1997,0
162,1998,0
162,1999,0
162,2000,0
162,2001,0
162,2002,0
162,2003,0
162,2004,0
162,2005,0
162,2006,0
162,2007,0
162,2008,0
162,2009,0
162,2010,0
162,2011,0
162,2012,0
162,2013,0
162,2014,0
162,2015,0
162,2016,0
162,2017,0
162,2018,0
162,2019,1
162,2020,1
162,2021,1
162,2022,1
162,2023,1
162,2024,1
163,1994,0
163,1995,0
163,1996,0
163,1997,0
163,1998,0
163,1999,0
163,2000,0
163,2001,0
163,2002,0
163,2003,0
163,2004,0
163,2005,0
163,2006,0
163,2007,0
163,2008,0
163,2009,0
163,2010,0
163,2011,0
163,2012,0
163,2013,0
163,2014,0
163,2015,0
163,2016,0
163,2017,0
163,2018,0
163,2019,1
163,2020,1
163,2021,1
163,2022,1
163,2023,1
163,2024,1
164,1994,0
164,1995,0
164,1996,0
164,1997,0
164,1998,0
164,1999,0
164,2000,0
164,2001,0
164,2002,0
164,2003,0
164,2004,0
164,2005,0
164,2006,0
164,2007,0
164,2008,0
164,2009,0
164,2010,0
164,2011,0
164,2012,0
164,2013,0
164,2014,0
164,2015,0
164,2016,0
164,2017,0
164,2018,0
164,2019,1
164,2020,1
164,2021,1
164,2022,1
164,2023,1
164,2024,1
165,1994,0
165,1995,0
165,1996,0
165,1997,0
165,1998,0
165,1999,0
165,2000,0
165,2001,0
165,2002,0
165,2003,0
165,2004,0
165,2005,0
165,2006,0
165,2007,0
165,2008,0
165,2009,0
165,2010,0
165,2011,0
165,2012,0
165,2013,0
165,2014,0
165,2015,0
165,2016,0
165,2017,0
165,2018,0
165,2019,1
165,2020,1
165,2021,1
165,2022,1
165,2023,1
165,2024,1
166,1994,0
166,1995,0
166,1996,0
166,1997,0
166,1998,0
166,1999,0
166,2000,0
166,2001,0
166,2002,0
166,2003,0
166,2004,0
166,2005,0
166,2006,0
166,2007,0
166,2008,0
166,2009,0
166,2010,0
166,2011,0
166,2012,0
166,2013,0
166,2014,0
166,2015,0
166,2016,0
166,2017,0
166,2018,0
166,2019,1
166,2020,1
166,2021,1
166,2022,1
166,2023,1
166,2024,1
167,1994,0
167,1995,0
167,1996,0
167,1997,0
167,1998,0
167,1999,0
167,2000,0
167,2001,0
167,2002,0
167,2003,0
167,2004,0
167,2005,0
167,2006,0
167,2007,0
167,2008,0
167,2009,0
167,2010,0
167,2011,0
167,2012,0
167,2013,0
167,2014,0
167,2015,0
167,2016,0
167,2017,0
167,2018,0
167,2019,1
167,2020,1
167,2021,1
167,2022,1
167,2023,1
167,2024,1
168,1994,0
168,1995,0
168,1996,0
168,1997,0
168,1998,0
168,1999,0
168,2000,0
168,2001,0
168,2002,0
168,2003,0
168,2004,0
168,2005,0
168,2006,0
168,2007,0
168,2008,0
168,2009,0
168,2010,0
168,2011,1
168,2012,1
168,2013,1
168,2014,1
168,2015,1
168,2016,1
168,2017,1
168,2018,1
168,2019,1
168,2020,1
168,2021,1
168,2022,1
168,2023,1
168,2024,1
169,1994,0
169,1995,0
169,1996,0
169,1997,0
169,1998,0
169,1999,0
169,2000,0
169,2001,0
169,2002,0
169,2003,0
169,2004,0
169,2005,0
169,2006,0
169,2007,0
169,2008,0
169,2009,0
169,2010,0
169,2011,0
169,2012,0
169,2013,0
169,2014,0
169,2015,0
169,2016,0
169,2017,0
169,2018,0
169,2019,1
169,2020,1
169,2021,1
169,2022,1
169,2023,1
169,2024,1
170,1994,0
170,1995,0
170,1996,0
170,1997,0
170,1998,0
170,1999,0
170,2000,0
170,2001,0
170,2002,0
170,2003,0
170,2004,0
170,2005,0
170,2006,0
170,2007,0
170,2008,0
170,2009,0
170,2010,0
170,2011,0
170,2012,0
170,2013,0
170,2014,0
170,2015,0
170,2016,0
170,2017,0
170,2018,0
170,2019,1
170,2020,1
170,2021,1
170,2022,1
170,2023,1
170,2024,1
171,1994,0
171,1995,0
171,1996,0
171,1997,0
171,1998,0
171,1999,0
171,2000,0
171,2001,0
171,2002,0
171,2003,0
171,2004,0
171,2005,0
171,2006,0
171,2007,0
171,2008,0
171,2009,0
171,2010,0
171,2011,0
171,2012,0
171,2013,0
171,2014,0
171,2015,0
171,2016,0
171,2017,0
171,2018,0
171,2019,1
171,2020,1
171,2021,1
171,2022,1
171,2023,1
171,2024,1
172,1994,0
172,1995,0
172,1996,0
172,1997,0
172,1998,0
172,1999,0
172,2000,0
172,2001,0
172,2002,0
172,2003,0
172,2004,0
172,2005,0
172,2006,0
172,2007,0
172,2008,0
172,2009,0
172,2010,0
172,2011,0
172,2012,0
172,2013,0
172,2014,0
172,2015,0
172,2016,0
172,2017,0
172,2018,0
172,2019,1
172,2020,0
172,2021,0
172,2022,0
172,2023,0
172,2024,0
173,1994,0
173,1995,0
173,1996,0
173,1997,0
173,1998,0
173,1999,0
173,2000,0
173,2001,0
173,2002,0
173,2003,0
173,2004,0
173,2005,0
173,2006,0
173,2007,0
173,2008,0
173,2009,0
173,2010,0
173,2011,0
173,2012,0
173,2013,0
173,2014,0
173,2015,0
173,2016,0
173,2017,0
173,2018,0
173,2019,1
173,2020,1
173,2021,1
173,2022,1
173,2023,1
173,2024,1
174,1994,0
174,1995,0
174,1996,0
174,1997,0
174,1998,0
174,1999,0
174,2000,0
174,2001,0
174,2002,0
174,2003,0
174,2004,0
174,2005,0
174,2006,0
174,2007,0
174,2008,0
174,2009,0
174,2010,0
174,2011,0
174,2012,0
174,2013,0
174,2014,0
174,2015,0
174,2016,0
174,2017,0
174,2018,0
174,2019,0
174,2020,1
174,2021,1
174,2022,1
174,2023,1
174,2024,1
175,1994,0
175,1995,0
175,1996,0
175,1997,0
175,1998,0
175,1999,0
175,2000,0
175,2001,0
175,2002,0
175,2003,0
175,2004,0
175,2005,0
175,2006,0
175,2007,0
175,2008,0
175,2009,0
175,2010,0
175,2011,0
175,2012,0
175,2013,0
175,2014,0
175,2015,0
175,2016,0
175,2017,0
175,2018,0
175,2019,0
175,2020,1
175,2021,1
175,2022,1
175,2023,1
175,2024,1
176,1994,0
176,1995,0
176,1996,0
176,1997,0
176,1998,0
176,1999,0
176,2000,0
176,2001,0
176,2002,0
176,2003,0
176,2004,0
176,2005,0
176,2006,0
176,2007,0
176,2008,0
176,2009,0
176,2010,0
176,2011,0
176,2012,0
176,2013,0
176,2014,0
176,2015,0
176,2016,0
176,2017,0
176,2018,0
176,2019,0
176,2020,1
176,2021,1
176,2022,1
176,2023,1
176,2024,0
177,1994,0
177,1995,0
177,1996,0
177,1997,0
177,1998,0
177,1999,0
177,2000,0
177,2001,0
177,2002,0
177,2003,0
177,2004,0
177,2005,0
177,2006,0
177,2007,0
177,2008,0
177,2009,0
177,2010,0
177,2011,0
177,2012,0
177,2013,0
177,2014,0
177,2015,0
177,2016,0
177,2017,0
177,2018,0
177,2019,0
177,2020,1
177,2021,0
177,2022,0
177,2023,0
177,2024,0
178,1994,0
178,1995,0
178,1996,0
178,1997,0
178,1998,0
178,1999,0
178,2000,0
178,2001,0
178,2002,0
178,2003,0
178,2004,0
178,2005,0
178,2006,0
178,2007,0
178,2008,0
178,2009,0
178,2010,0
178,2011,0
178,2012,0
178,2013,0
178,2014,0
178,2015,0
178,2016,0
178,2017,0
178,2018,0
178,2019,0
178,2020,1
178,2021,1
178,2022,1
178,2023,1
178,2024,0
179,1994,0
179,1995,0
179,1996,0
179,1997,0
179,1998,0
179,1999,0
179,2000,0
179,2001,0
179,2002,0
179,2003,0
179,2004,0
179,2005,0
179,2006,0
179,2007,0
179,2008,0
179,2009,0
179,2010,0
179,2011,0
179,2012,0
179,2013,0
179,2014,0
179,2015,0
179,2016,0
179,2017,0
179,2018,0
179,2019,0
179,2020,1
179,2021,1
179,2022,1
179,2023,1
179,2024,0
180,1994,0
180,1995,0
180,1996,0
180,1997,0
180,1998,0
180,1999,0
180,2000,0
180,2001,0
180,2002,0
180,2003,0
180,2004,0
180,2005,0
180,2006,0
180,2007,0
180,2008,0
180,2009,0
180,2010,0
180,2011,0
180,2012,0
180,2013,0
180,2014,0
180,2015,0
180,2016,0
180,2017,0
180,2018,0
180,2019,0
180,2020,1
180,2021,1
180,2022,1
180,2023,1
180,2024,1
181,1994,0
181,1995,0
181,1996,0
181,1997,0
181,1998,0
181,1999,0
181,2000,0
181,2001,0
181,2002,0
181,2003,0
181,2004,0
181,2005,0
181,2006,0
181,2007,0
181,2008,0
181,2009,0
181,2010,0
181,2011,0
181,2012,0
181,2013,0
181,2014,0
181,2015,0
181,2016,0
181,2017,0
181,2018,0
181,2019,0
181,2020,1
181,2021,1
181,2022,1
181,2023,1
181,2024,1
182,1994,0
182,1995,0
182,1996,0
182,1997,0
182,1998,0
182,1999,0
182,2000,0
182,2001,0
182,2002,0
182,2003,0
182,2004,0
182,2005,0
182,2006,0
182,2007,0
182,2008,0
182,2009,0
182,2010,0
182,2011,0
182,2012,0
182,2013,0
182,2014,0
182,2015,0
182,2016,0
182,2017,0
182,2018,0
182,2019,0
182,2020,1
182,2021,1
182,2022,1
182,2023,0
182,2024,0
183,1994,0
183,1995,0
183,1996,0
183,1997,0
183,1998,0
183,1999,0
183,2000,0
183,2001,0
183,2002,0
183,2003,0
183,2004,0
183,2005,0
183,2006,0
183,2007,0
183,2008,0
183,2009,0
183,2010,0
183,2011,0
183,2012,0
183,2013,0
183,2014,0
183,2015,0
183,2016,0
183,2017,0
183,2018,0
183,2019,0
183,2020,1
183,2021,1
183,2022,1
183,2023,1
183,2024,1
184,1994,0
184,1995,0
184,1996,0
184,1997,0
184,1998,0
184,1999,0
184,2000,0
184,2001,0
184,2002,0
184,2003,0
184,2004,0
184,2005,0
184,2006,0
184,2007,0
184,2008,0
184,2009,0
184,2010,0
184,2011,0
184,2012,0
184,2013,0
184,2014,0
184,2015,0
184,2016,0
184,2017,0
184,2018,0
184,2019,0
184,2020,1
184,2021,1
184,2022,1
184,2023,1
184,2024,1
185,1994,0
185,1995,0
185,1996,0
185,1997,0
185,1998,0
185,1999,0
185,2000,0
185,2001,0
185,2002,0
185,2003,0
185,2004,0
185,2005,0
185,2006,0
185,2007,0
185,2008,0
185,2009,0
185,2010,0
185,2011,0
185,2012,0
185,2013,0
185,2014,0
185,2015,0
185,2016,0
185,2017,0
185,2018,0
185,2019,0
185,2020,1
185,2021,1
185,2022,1
185,2023,1
185,2024,1
186,1994,0
186,1995,0
186,1996,0
186,1997,0
186,1998,0
186,1999,0
186,2000,0
186,2001,0
186,2002,0
186,2003,0
186,2004,0
186,2005,0
186,2006,0
186,2007,0
186,2008,0
186,2009,0
186,2010,0
186,2011,0
186,2012,0
186,2013,0
186,2014,0
186,2015,0
186,2016,0
186,2017,0
186,2018,0
186,2019,0
186,2020,0
186,2021,1
186,2022,1
186,2023,0
186,2024,0
187,1994,0
187,1995,0
187,1996,0
187,1997,0
187,1998,0
187,1999,0
187,2000,0
187,2001,0
187,2002,0
187,2003,0
187,2004,0
187,2005,0
187,2006,0
187,2007,0
187,2008,0
187,2009,0
187,2010,0
187,2011,0
187,2012,0
187,2013,0
187,2014,0
187,2015,0
187,2016,0
187,2017,0
187,2018,0
187,2019,0
187,2020,0
187,2021,1
187,2022,1
187,2023,1
187,2024,1
188,1994,0
188,1995,0
188,1996,0
188,1997,0
188,1998,0
188,1999,0
188,2000,0
188,2001,0
188,2002,0
188,2003,0
188,2004,0
188,2005,0
188,2006,0
188,2007,0
188,2008,0
188,2009,0
188,2010,0
188,2011,0
188,2012,0
188,2013,0
188,2014,0
188,2015,0
188,2016,0
188,2017,0
188,2018,0
188,2019,0
188,2020,0
188,2021,1
188,2022,1
188,2023,1
188,2024,1
189,1994,0
189,1995,0
189,1996,0
189,1997,0
189,1998,0
189,1999,0
189,2000,0
189,2001,0
189,2002,0
189,2003,0
189,2004,0
189,2005,0
189,2006,0
189,2007,0
189,2008,0
189,2009,0
189,2010,0
189,2011,0
189,2012,0
189,2013,0
189,2014,0
189,2015,0
189,2016,0
189,2017,0
189,2018,0
189,2019,0
189,2020,0
189,2021,1
189,2022,1
189,2023,1
189,2024,1
190,1994,0
190,1995,0
190,1996,0
190,1997,0
190,1998,0
190,1999,0
190,2000,0
190,2001,0
190,2002,0
190,2003,0
190,2004,0
190,2005,0
190,2006,0
190,2007,0
190,2008,0
190,2009,0
190,2010,0
190,2011,0
190,2012,0
190,2013,0
190,2014,0
190,2015,0
190,2016,0
190,2017,0
190,2018,0
190,2019,0
190,2020,0
190,2021,1
190,2022,1
190,2023,1
190,2024,1
191,1994,0
191,1995,0
191,1996,0
191,1997,0
191,1998,0
191,1999,0
191,2000,0
191,2001,0
191,2002,0
191,2003,0
191,2004,0
191,2005,0
191,2006,0
191,2007,0
191,2008,0
191,2009,0
191,2010,0
191,2011,0
191,2012,0
191,2013,0
191,2014,0
191,2015,0
191,2016,0
191,2017,0
191,2018,0
191,2019,0
191,2020,0
191,2021,1
191,2022,1
191,2023,1
191,2024,1
192,1994,0
192,1995,0
192,1996,0
192,1997,0
192,1998,0
192,1999,0
192,2000,0
192,2001,0
192,2002,0
192,2003,0
192,2004,0
192,2005,0
192,2006,0
192,2007,0
192,2008,0
192,2009,0
192,2010,0
192,2011,0
192,2012,0
192,2013,0
192,2014,0
192,2015,0
192,2016,0
192,2017,0
192,2018,0
192,2019,0
192,2020,0
192,2021,1
192,2022,1
192,2023,1
192,2024,1
193,1994,0
193,1995,0
193,1996,0
193,1997,0
193,1998,0
193,1999,0
193,2000,0
193,2001,0
193,2002,0
193,2003,0
193,2004,0
193,2005,0
193,2006,0
193,2007,0
193,2008,0
193,2009,0
193,2010,0
193,2011,0
193,2012,0
193,2013,0
193,2014,0
193,2015,0
193,2016,0
193,2017,0
193,2018,0
193,2019,0
193,2020,0
193,2021,1
193,2022,1
193,2023,1
193,2024,1
194,1994,0
194,1995,0
194,1996,0
194,1997,0
194,1998,0
194,1999,0
194,2000,0
194,2001,0
194,2002,0
194,2003,0
194,2004,0
194,2005,0
194,2006,0
194,2007,0
194,2008,0
194,2009,0
194,2010,0
194,2011,0
194,2012,0
194,2013,0
194,2014,0
194,2015,0
194,2016,0
194,2017,0
194,2018,0
194,2019,0
194,2020,0
194,2021,1
194,2022,1
194,2023,1
194,2024,1
195,1994,0
195,1995,0
195,1996,0
195,1997,0
195,1998,0
195,1999,0
195,2000,0
195,2001,0
195,2002,0
195,2003,0
195,2004,0
195,2005,0
195,2006,0
195,2007,0
195,2008,0
195,2009,0
195,2010,0
195,2011,0
195,2012,0
195,2013,0
195,2014,0
195,2015,0
195,2016,0
195,2017,0
195,2018,0
195,2019,0
195,2020,0
195,2021,1
195,2022,1
195,2023,1
195,2024,1
196,1994,0
196,1995,0
196,1996,0
196,1997,0
196,1998,0
196,1999,0
196,2000,0
196,2001,0
196,2002,0
196,2003,0
196,2004,0
196,2005,0
196,2006,0
196,2007,0
196,2008,0
196,2009,0
196,2010,0
196,2011,0
196,2012,0
196,2013,0
196,2014,0
196,2015,0
196,2016,0
196,2017,0
196,2018,0
196,2019,0
196,2020,0
196,2021,1
196,2022,1
196,2023,1
196,2024,1
197,1994,0
197,1995,0
197,1996,0
197,1997,0
197,1998,0
197,1999,0
197,2000,0
197,2001,0
197,2002,0
197,2003,0
197,2004,0
197,2005,0
197,2006,0
197,2007,0
197,2008,0
197,2009,0
197,2010,0
197,2011,0
197,2012,0
197,2013,0
197,2014,0
197,2015,0
197,2016,0
197,2017,0
197,2018,0
197,2019,0
197,2020,0
197,2021,1
197,2022,1
197,2023,1
197,2024,1
198,1994,0
198,1995,0
198,1996,0
198,1997,0
198,1998,0
198,1999,0
198,2000,0
198,2001,0
198,2002,0
198,2003,0
198,2004,0
198,2005,0
198,2006,0
198,2007,0
198,2008,0
198,2009,0
198,2010,0
198,2011,0
198,2012,0
198,2013,0
198,2014,0
198,2015,0
198,2016,0
198,2017,0
198,2018,0
198,2019,0
198,2020,0
198,2021,1
198,2022,1
198,2023,1
198,2024,1
199,1994,0
199,1995,0
199,1996,0
199,1997,0
199,1998,0
199,1999,0
199,2000,0
199,2001,0
199,2002,0
199,2003,0
199,2004,0
199,2005,0
199,2006,0
199,2007,0
199,2008,0
199,2009,0
199,2010,0
199,2011,0
199,2012,0
199,2013,0
199,2014,0
199,2015,0
199,2016,0
199,2017,0
199,2018,0
199,2019,0
199,2020,0
199,2021,1
199,2022,1
199,2023,1
199,2024,1
200,1994,0
200,1995,0
200,1996,0
200,1997,0
200,1998,0
200,1999,0
200,2000,0
200,2001,0
200,2002,0
200,2003,0
200,2004,0
200,2005,0
200,2006,0
200,2007,0
200,2008,0
200,2009,0
200,2010,0
200,2011,0
200,2012,0
200,2013,0
200,2014,0
200,2015,0
200,2016,0
200,2017,0
200,2018,0
200,2019,0
200,2020,0
200,2021,1
200,2022,1
200,2023,0
200,2024,0
201,1994,0
201,1995,0
201,1996,0
201,1997,0
201,1998,0
201,1999,0
201,2000,0
201,2001,0
201,2002,0
201,2003,0
201,2004,0
201,2005,0
201,2006,0
201,2007,0
201,2008,0
201,2009,0
201,2010,0
201,2011,0
201,2012,0
201,2013,0
201,2014,0
201,2015,0
201,2016,0
201,2017,0
201,2018,0
201,2019,0
201,2020,0
201,2021,1
201,2022,1
201,2023,1
201,2024,0
202,1994,0
202,1995,0
202,1996,0
202,1997,0
202,1998,0
202,1999,0
202,2000,0
202,2001,0
202,2002,0
202,2003,0
202,2004,0
202,2005,0
202,2006,0
202,2007,0
202,2008,0
202,2009,0
202,2010,0
202,2011,0
202,2012,0
202,2013,0
202,2014,0
202,2015,0
202,2016,0
202,2017,0
202,2018,0
202,2019,0
202,2020,0
202,2021,1
202,2022,1
202,2023,1
202,2024,0
203,1994,0
203,1995,0
203,1996,0
203,1997,0
203,1998,0
203,1999,0
203,2000,0
203,2001,0
203,2002,0
203,2003,0
203,2004,0
203,2005,0
203,2006,0
203,2007,0
203,2008,0
203,2009,0
203,2010,0
203,2011,0
203,2012,0
203,2013,0
203,2014,0
203,2015,0
203,2016,0
203,2017,0
203,2018,0
203,2019,0
203,2020,0
203,2021,1
203,2022,1
203,2023,1
203,2024,1
204,1994,0
204,1995,0
204,1996,0
204,1997,0
204,1998,0
204,1999,0
204,2000,0
204,2001,0
204,2002,0
204,2003,0
204,2004,0
204,2005,0
204,2006,0
204,2007,0
204,2008,0
204,2009,0
204,2010,0
204,2011,0
204,2012,0
204,2013,0
204,2014,0
204,2015,0
204,2016,0
204,2017,0
204,2018,0
204,2019,0
204,2020,0
204,2021,1
204,2022,1
204,2023,1
204,2024,1
205,1994,0
205,1995,0
205,1996,0
205,1997,0
205,1998,0
205,1999,0
205,2000,0
205,2001,0
205,2002,0
205,2003,0
205,2004,0
205,2005,0
205,2006,0
205,2007,0
205,2008,0
205,2009,0
205,2010,0
205,2011,0
205,2012,0
205,2013,0
205,2014,0
205,2015,0
205,2016,0
205,2017,0
205,2018,0
205,2019,0
205,2020,0
205,2021,1
205,2022,1
205,2023,1
205,2024,1
206,1994,0
206,1995,0
206,1996,0
206,1997,0
206,1998,0
206,1999,0
206,2000,0
206,2001,0
206,2002,0
206,2003,0
206,2004,0
206,2005,0
206,2006,0
206,2007,0
206,2008,0
206,2009,0
206,2010,0
206,2011,0
206,2012,0
206,2013,0
206,2014,0
206,2015,0
206,2016,0
206,2017,0
206,2018,0
206,2019,0
206,2020,0
206,2021,0
206,2022,1
206,2023,1
206,2024,1
207,1994,0
207,1995,0
207,1996,0
207,1997,0
207,1998,0
207,1999,0
207,2000,0
207,2001,0
207,2002,0
207,2003,0
207,2004,0
207,2005,0
207,2006,0
207,2007,0
207,2008,0
207,2009,0
207,2010,0
207,2011,0
207,2012,0
207,2013,0
207,2014,0
207,2015,0
207,2016,0
207,2017,0
207,2018,0
207,2019,0
207,2020,0
207,2021,0
207,2022,1
207,2023,1
207,2024,1
208,1994,0
208,1995,0
208,1996,0
208,1997,0
208,1998,0
208,1999,0
208,2000,0
208,2001,0
208,2002,0
208,2003,0
208,2004,0
208,2005,0
208,2006,0
208,2007,0
208,2008,0
208,2009,0
208,2010,0
208,2011,0
208,2012,0
208,2013,0
208,2014,0
208,2015,0
208,2016,0
208,2017,0
208,2018,0
208,2019,0
208,2020,0
208,2021,0
208,2022,1
208,2023,1
208,2024,1
209,1994,0
209,1995,0
209,1996,0
209,1997,0
209,1998,0
209,1999,0
209,2000,0
209,2001,0
209,2002,0
209,2003,0
209,2004,0
209,2005,0
209,2006,0
209,2007,0
209,2008,0
209,2009,0
209,2010,0
209,2011,0
209,2012,0
209,2013,0
209,2014,0
209,2015,0
209,2016,0
209,2017,0
209,2018,0
209,2019,0
209,2020,0
209,2021,0
209,2022,1
209,2023,1
209,2024,1
210,1994,0
210,1995,0
210,1996,0
210,1997,0
210,1998,0
210,1999,0
210,2000,0
210,2001,0
210,2002,0
210,2003,0
210,2004,0
210,2005,0
210,2006,0
210,2007,0
210,2008,0
210,2009,0
210,2010,0
210,2011,0
210,2012,0
210,2013,0
210,2014,0
210,2015,0
210,2016,0
210,2017,0
210,2018,0
210,2019,0
210,2020,0
210,2021,0
210,2022,1
210,2023,1
210,2024,1
211,1994,0
211,1995,0
211,1996,0
211,1997,0
211,1998,0
211,1999,0
211,2000,0
211,2001,0
211,2002,0
211,2003,0
211,2004,0
211,2005,0
211,2006,0
211,2007,0
211,2008,0
211,2009,0
211,2010,0
211,2011,0
211,2012,0
211,2013,0
211,2014,0
211,2015,0
211,2016,0
211,2017,0
211,2018,0
211,2019,0
211,2020,0
211,2021,0
211,2022,1
211,2023,0
211,2024,0
212,1994,0
212,1995,0
212,1996,0
212,1997,0
212,1998,0
212,1999,0
212,2000,0
212,2001,0
212,2002,0
212,2003,0
212,2004,0
212,2005,0
212,2006,0
212,2007,0
212,2008,0
212,2009,0
212,2010,0
212,2011,0
212,2012,0
212,2013,0
212,2014,0
212,2015,0
212,2016,0
212,2017,0
212,2018,0
212,2019,0
212,2020,0
212,2021,0
212,2022,1
212,2023,1
212,2024,1
213,1994,0
213,1995,0
213,1996,0
213,1997,0
213,1998,0
213,1999,0
213,2000,0
213,2001,0
213,2002,0
213,2003,0
213,2004,0
213,2005,0
213,2006,0
213,2007,0
213,2008,0
213,2009,0
213,2010,0
213,2011,0
213,2012,0
213,2013,0
213,2014,0
213,2015,0
213,2016,0
213,2017,0
213,2018,0
213,2019,0
213,2020,0
213,2021,0
213,2022,1
213,2023,1
213,2024,1
214,1994,0
214,1995,0
214,1996,0
214,1997,0
214,1998,0
214,1999,0
214,2000,0
214,2001,0
214,2002,0
214,2003,0
214,2004,0
214,2005,0
214,2006,0
214,2007,0
214,2008,0
214,2009,0
214,2010,0
214,2011,0
214,2012,0
214,2013,0
214,2014,0
214,2015,0
214,2016,0
214,2017,0
214,2018,0
214,2019,0
214,2020,0
214,2021,0
214,2022,1
214,2023,1
214,2024,1
215,1994,0
215,1995,0
215,1996,0
215,1997,0
215,1998,0
215,1999,0
215,2000,0
215,2001,0
215,2002,0
215,2003,0
215,2004,0
215,2005,0
215,2006,0
215,2007,0
215,2008,0
215,2009,0
215,2010,0
215,2011,0
215,2012,0
215,2013,0
215,2014,0
215,2015,0
215,2016,0
215,2017,0
215,2018,0
215,2019,0
215,2020,0
215,2021,0
215,2022,1
215,2023,1
215,2024,1
216,1994,0
216,1995,0
216,1996,0
216,1997,0
216,1998,0
216,1999,0
216,2000,0
216,2001,0
216,2002,0
216,2003,0
216,2004,0
216,2005,0
216,2006,0
216,2007,0
216,2008,0
216,2009,0
216,2010,0
216,2011,0
216,2012,0
216,2013,0
216,2014,0
216,2015,0
216,2016,0
216,2017,0
216,2018,0
216,2019,0
216,2020,0
216,2021,0
216,2022,1
216,2023,1
216,2024,1
217,1994,0
217,1995,0
217,1996,0
217,1997,0
217,1998,0
217,1999,0
217,2000,0
217,2001,0
217,2002,0
217,2003,0
217,2004,0
217,2005,0
217,2006,0
217,2007,0
217,2008,0
217,2009,0
217,2010,0
217,2011,0
217,2012,0
217,2013,0
217,2014,0
217,2015,0
217,2016,0
217,2017,0
217,2018,0
217,2019,0
217,2020,0
217,2021,0
217,2022,1
217,2023,1
217,2024,1
218,1994,0
218,1995,0
218,1996,0
218,1997,0
218,1998,0
218,1999,0
218,2000,0
218,2001,0
218,2002,0
218,2003,0
218,2004,0
218,2005,0
218,2006,0
218,2007,0
218,2008,0
218,2009,0
218,2010,0
218,2011,0
218,2012,0
218,2013,0
218,2014,0
218,2015,0
218,2016,0
218,2017,0
218,2018,0
218,2019,0
218,2020,0
218,2021,0
218,2022,1
218,2023,1
218,2024,0
219,1994,0
219,1995,0
219,1996,0
219,1997,0
219,1998,0
219,1999,0
219,2000,0
219,2001,0
219,2002,0
219,2003,0
219,2004,0
219,2005,0
219,2006,0
219,2007,0
219,2008,0
219,2009,0
219,2010,0
219,2011,0
219,2012,0
219,2013,0
219,2014,0
219,2015,0
219,2016,0
219,2017,0
219,2018,0
219,2019,0
219,2020,0
219,2021,0
219,2022,1
219,2023,1
219,2024,1
220,1994,0
220,1995,0
220,1996,0
220,1997,0
220,1998,0
220,1999,0
220,2000,0
220,2001,0
220,2002,0
220,2003,0
220,2004,0
220,2005,0
220,2006,0
220,2007,0
220,2008,0
220,2009,0
220,2010,0
220,2011,0
220,2012,0
220,2013,0
220,2014,0
220,2015,0
220,2016,0
220,2017,0
220,2018,0
220,2019,0
220,2020,0
220,2021,0
220,2022,1
220,2023,1
220,2024,1
221,1994,0
221,1995,0
221,1996,0
221,1997,0
221,1998,0
221,1999,0
221,2000,0
221,2001,0
221,2002,0
221,2003,0
221,2004,0
221,2005,0
221,2006,0
221,2007,0
221,2008,0
221,2009,0
221,2010,0
221,2011,0
221,2012,0
221,2013,0
221,2014,0
221,2015,0
221,2016,0
221,2017,0
221,2018,0
221,2019,0
221,2020,0
221,2021,0
221,2022,1
221,2023,1
221,2024,1
222,1994,0
222,1995,0
222,1996,0
222,1997,0
222,1998,0
222,1999,0
222,2000,0
222,2001,0
222,2002,0
222,2003,0
222,2004,0
222,2005,0
222,2006,0
222,2007,0
222,2008,0
222,2009,0
222,2010,0
222,2011,0
222,2012,0
222,2013,0
222,2014,0
222,2015,0
222,2016,0
222,2017,0
222,2018,0
222,2019,0
222,2020,0
222,2021,0
222,2022,1
222,2023,1
222,2024,1
223,1994,0
223,1995,0
223,1996,0
223,1997,0
223,1998,0
223,1999,0
223,2000,0
223,2001,0
223,2002,0
223,2003,0
223,2004,0
223,2005,0
223,2006,0
223,2007,0
223,2008,0
223,2009,0
223,2010,0
223,2011,0
223,2012,0
223,2013,0
223,2014,0
223,2015,0
223,2016,0
223,2017,0
223,2018,0
223,2019,0
223,2020,0
223,2021,0
223,2022,1
223,2023,1
223,2024,1
224,1994,0
224,1995,0
224,1996,0
224,1997,0
224,1998,0
224,1999,0
224,2000,0
224,2001,0
224,2002,0
224,2003,0
224,2004,0
224,2005,0
224,2006,0
224,2007,0
224,2008,0
224,2009,0
224,2010,0
224,2011,0
224,2012,0
224,2013,0
224,2014,0
224,2015,0
224,2016,0
224,2017,0
224,2018,0
224,2019,0
224,2020,0
224,2021,0
224,2022,1
224,2023,1
224,2024,0
225,1994,0
225,1995,0
225,1996,0
225,1997,0
225,1998,0
225,1999,0
225,2000,0
225,2001,0
225,2002,0
225,2003,0
225,2004,0
225,2005,0
225,2006,0
225,2007,0
225,2008,0
225,2009,0
225,2010,0
225,2011,0
225,2012,0
225,2013,0
225,2014,0
225,2015,0
225,2016,0
225,2017,0
225,2018,0
225,2019,0
225,2020,0
225,2021,1
225,2022,1
225,2023,1
225,2024,1
226,1994,0
226,1995,0
226,1996,0
226,1997,0
226,1998,0
226,1999,0
226,2000,0
226,2001,0
226,2002,0
226,2003,0
226,2004,0
226,2005,0
226,2006,0
226,2007,0
226,2008,0
226,2009,0
226,2010,0
226,2011,0
226,2012,0
226,2013,0
226,2014,0
226,2015,0
226,2016,0
226,2017,0
226,2018,0
226,2019,0
226,2020,0
226,2021,0
226,2022,1
226,2023,1
226,2024,1
227,1994,0
227,1995,0
227,1996,0
227,1997,0
227,1998,0
227,1999,0
227,2000,0
227,2001,0
227,2002,0
227,2003,0
227,2004,0
227,2005,0
227,2006,0
227,2007,0
227,2008,0
227,2009,0
227,2010,0
227,2011,0
227,2012,0
227,2013,0
227,2014,0
227,2015,0
227,2016,0
227,2017,0
227,2018,0
227,2019,0
227,2020,0
227,2021,0
227,2022,0
227,2023,1
227,2024,1
228,1994,0
228,1995,0
228,1996,0
228,1997,0
228,1998,0
228,1999,0
228,2000,0
228,2001,0
228,2002,0
228,2003,0
228,2004,0
228,2005,0
228,2006,0
228,2007,0
228,2008,0
228,2009,0
228,2010,0
228,2011,0
228,2012,0
228,2013,0
228,2014,0
228,2015,0
228,2016,0
228,2017,0
228,2018,0
228,2019,0
228,2020,0
228,2021,0
228,2022,0
228,2023,1
228,2024,1
229,1994,0
229,1995,0
229,1996,0
229,1997,0
229,1998,0
229,1999,0
229,2000,0
229,2001,0
229,2002,0
229,2003,0
229,2004,0
229,2005,0
229,2006,0
229,2007,0
229,2008,0
229,2009,0
229,2010,0
229,2011,0
229,2012,0
229,2013,0
229,2014,0
229,2015,0
229,2016,0
229,2017,0
229,2018,0
229,2019,0
229,2020,0
229,2021,0
229,2022,0
229,2023,1
229,2024,1
230,1994,0
230,1995,0
230,1996,0
230,1997,0
230,1998,0
230,1999,0
230,2000,0
230,2001,0
230,2002,0
230,2003,0
230,2004,0
230,2005,0
230,2006,0
230,2007,0
230,2008,0
230,2009,0
230,2010,0
230,2011,0
230,2012,0
230,2013,0
230,2014,0
230,2015,0
230,2016,0
230,2017,0
230,2018,0
230,2019,0
230,2020,0
230,2021,0
230,2022,0
230,2023,1
230,2024,1
231,1994,0
231,1995,0
231,1996,0
231,1997,0
231,1998,0
231,1999,0
231,2000,0
231,2001,0
231,2002,0
231,2003,0
231,2004,0
231,2005,0
231,2006,0
231,2007,0
231,2008,0
231,2009,0
231,2010,0
231,2011,0
231,2012,0
231,2013,0
231,2014,0
231,2015,0
231,2016,0
231,2017,0
231,2018,0
231,2019,0
231,2020,0
231,2021,0
231,2022,1
231,2023,1
231,2024,1
232,1994,0
232,1995,0
232,1996,0
232,1997,0
232,1998,0
232,1999,0
232,2000,0
232,2001,0
232,2002,0
232,2003,0
232,2004,0
232,2005,0
232,2006,0
232,2007,0
232,2008,0
232,2009,0
232,2010,0
232,2011,0
232,2012,0
232,2013,0
232,2014,0
232,2015,0
232,2016,0
232,2017,0
232,2018,0
232,2019,0
232,2020,0
232,2021,0
232,2022,0
232,2023,1
232,2024,1
233,1994,0
233,1995,0
233,1996,0
233,1997,0
233,1998,0
233,1999,0
233,2000,0
233,2001,0
233,2002,0
233,2003,0
233,2004,0
233,2005,0
233,2006,0
233,2007,0
233,2008,0
233,2009,0
233,2010,0
233,2011,0
233,2012,0
233,2013,0
233,2014,0
233,2015,0
233,2016,0
233,2017,0
233,2018,0
233,2019,0
233,2020,0
233,2021,0
233,2022,0
233,2023,1
233,2024,1
234,1994,0
234,1995,0
234,1996,0
234,1997,0
234,1998,0
234,1999,0
234,2000,0
234,2001,0
234,2002,0
234,2003,0
234,2004,0
234,2005,0
234,2006,0
234,2007,0
234,2008,0
234,2009,0
234,2010,0
234,2011,0
234,2012,0
234,2013,0
234,2014,0
234,2015,0
234,2016,0
234,2017,0
234,2018,0
234,2019,0
234,2020,0
234,2021,0
234,2022,0
234,2023,1
234,2024,1
235,1994,0
235,1995,0
235,1996,0
235,1997,0
235,1998,0
235,1999,0
235,2000,0
235,2001,0
235,2002,0
235,2003,0
235,2004,0
235,2005,0
235,2006,0
235,2007,0
235,2008,0
235,2009,0
235,2010,0
235,2011,0
235,2012,0
235,2013,0
235,2014,0
235,2015,0
235,2016,0
235,2017,0
235,2018,0
235,2019,0
235,2020,0
235,2021,0
235,2022,0
235,2023,1
235,2024,1
236,1994,0
236,1995,0
236,1996,0
236,1997,0
236,1998,0
236,1999,0
236,2000,0
236,2001,0
236,2002,0
236,2003,0
236,2004,0
236,2005,0
236,2006,0
236,2007,0
236,2008,0
236,2009,0
236,2010,0
236,2011,0
236,2012,0
236,2013,0
236,2014,0
236,2015,0
236,2016,0
236,2017,0
236,2018,0
236,2019,0
236,2020,0
236,2021,0
236,2022,0
236,2023,1
236,2024,1
237,1994,0
237,1995,0
237,1996,0
237,1997,0
237,1998,0
237,1999,0
237,2000,0
237,2001,0
237,2002,0
237,2003,0
237,2004,0
237,2005,0
237,2006,0
237,2007,0
237,2008,0
237,2009,0
237,2010,0
237,2011,0
237,2012,0
237,2013,0
237,2014,0
237,2015,0
237,2016,0
237,2017,0
237,2018,0
237,2019,0
237,2020,0
237,2021,0
237,2022,0
237,2023,1
237,2024,1
238,1994,0
238,1995,0
238,1996,0
238,1997,0
238,1998,0
238,1999,0
238,2000,0
238,2001,0
238,2002,0
238,2003,0
238,2004,0
238,2005,0
238,2006,0
238,2007,0
238,2008,0
238,2009,0
238,2010,0
238,2011,0
238,2012,0
238,2013,0
238,2014,0
238,2015,0
238,2016,0
238,2017,0
238,2018,0
238,2019,0
238,2020,0
238,2021,0
238,2022,0
238,2023,1
238,2024,1
239,1994,0
239,1995,0
239,1996,0
239,1997,0
239,1998,0
239,1999,0
239,2000,0
239,2001,0
239,2002,0
239,2003,0
239,2004,0
239,2005,0
239,2006,0
239,2007,0
239,2008,0
239,2009,0
239,2010,0
239,2011,0
239,2012,0
239,2013,0
239,2014,0
239,2015,0
239,2016,0
239,2017,0
239,2018,0
239,2019,0
239,2020,0
239,2021,0
239,2022,0
239,2023,1
239,2024,1
240,1994,0
240,1995,0
240,1996,0
240,1997,0
240,1998,0
240,1999,0
240,2000,0
240,2001,0
240,2002,0
240,2003,0
240,2004,0
240,2005,0
240,2006,0
240,2007,0
240,2008,0
240,2009,0
240,2010,0
240,2011,0
240,2012,0
240,2013,0
240,2014,0
240,2015,0
240,2016,0
240,2017,0
240,2018,0
240,2019,0
240,2020,0
240,2021,0
240,2022,0
240,2023,1
240,2024,1
241,1994,0
241,1995,0
241,1996,0
241,1997,0
241,1998,0
241,1999,0
241,2000,0
241,2001,0
241,2002,0
241,2003,0
241,2004,0
241,2005,0
241,2006,0
241,2007,0
241,2008,0
241,2009,0
241,2010,0
241,2011,0
241,2012,0
241,2013,0
241,2014,0
241,2015,0
241,2016,0
241,2017,0
241,2018,0
241,2019,0
241,2020,0
241,2021,0
241,2022,0
241,2023,0
241,2024,1
242,1994,0
242,1995,0
242,1996,0
242,1997,0
242,1998,0
242,1999,0
242,2000,0
242,2001,0
242,2002,0
242,2003,0
242,2004,0
242,2005,0
242,2006,0
242,2007,0
242,2008,0
242,2009,0
242,2010,0
242,2011,0
242,2012,0
242,2013,0
242,2014,0
242,2015,0
242,2016,0
242,2017,0
242,2018,0
242,2019,0
242,2020,0
242,2021,0
242,2022,0
242,2023,0
242,2024,1
243,1994,0
243,1995,0
243,1996,0
243,1997,0
243,1998,0
243,1999,0
243,2000,0
243,2001,0
243,2002,0
243,2003,0
243,2004,0
243,2005,0
243,2006,0
243,2007,0
243,2008,0
243,2009,0
243,2010,0
243,2011,0
243,2012,0
243,2013,0
243,2014,0
243,2015,0
243,2016,0
243,2017,0
243,2018,0
243,2019,0
243,2020,0
243,2021,0
243,2022,0
243,2023,0
243,2024,1
244,1994,0
244,1995,0
244,1996,0
244,1997,0
244,1998,0
244,1999,0
244,2000,0
244,2001,0
244,2002,0
244,2003,0
244,2004,0
244,2005,0
244,2006,0
244,2007,0
244,2008,0
244,2009,0
244,2010,0
244,2011,0
244,2012,0
244,2013,0
244,2014,0
244,2015,0
244,2016,0
244,2017,0
244,2018,0
244,2019,0
244,2020,0
244,2021,0
244,2022,0
244,2023,0
244,2024,1
245,1994,0
245,1995,0
245,1996,0
245,1997,0
245,1998,0
245,1999,0
245,2000,0
245,2001,0
245,2002,0
245,2003,0
245,2004,0
245,2005,0
245,2006,0
245,2007,0
245,2008,0
245,2009,0
245,2010,0
245,2011,0
245,2012,0
245,2013,0
245,2014,0
245,2015,0
245,2016,0
245,2017,0
245,2018,0
245,2019,0
245,2020,0
245,2021,0
245,2022,0
245,2023,0
245,2024,1
246,1994,0
246,1995,0
246,1996,0
246,1997,0
246,1998,0
246,1999,0
246,2000,0
246,2001,0
246,2002,0
246,2003,0
246,2004,0
246,2005,0
246,2006,0
246,2007,0
246,2008,0
246,2009,0
246,2010,0
246,2011,0
246,2012,0
246,2013,0
246,2014,0
246,2015,0
246,2016,0
246,2017,0
246,2018,0
246,2019,0
246,2020,0
246,2021,0
246,2022,0
246,2023,0
246,2024,1
247,1994,0
247,1995,0
247,1996,0
247,1997,0
247,1998,0
247,1999,0
247,2000,0
247,2001,0
247,2002,0
247,2003,0
247,2004,0
247,2005,0
247,2006,0
247,2007,0
247,2008,0
247,2009,0
247,2010,0
247,2011,0
247,2012,0
247,2013,0
247,2014,0
247,2015,0
247,2016,0
247,2017,0
247,2018,0
247,2019,0
247,2020,0
247,2021,0
247,2022,0
247,2023,0
247,2024,1
248,1994,0
248,1995,0
248,1996,0
248,1997,0
248,1998,0
248,1999,0
248,2000,0
248,2001,0
248,2002,0
248,2003,0
248,2004,0
248,2005,0
248,2006,0
248,2007,0
248,2008,0
248,2009,0
248,2010,0
248,2011,0
248,2012,0
248,2013,0
248,2014,0
248,2015,0
248,2016,0
248,2017,0
248,2018,0
248,2019,0
248,2020,0
248,2021,0
248,2022,0
248,2023,0
248,2024,1
249,1994,0
249,1995,0
249,1996,0
249,1997,0
249,1998,0
249,1999,0
249,2000,0
249,2001,0
249,2002,0
249,2003,0
249,2004,0
249,2005,0
249,2006,0
249,2007,0
249,2008,0
249,2009,0
249,2010,0
249,2011,0
249,2012,0
249,2013,0
249,2014,0
249,2015,0
249,2016,0
249,2017,0
249,2018,0
249,2019,0
249,2020,0
249,2021,0
249,2022,0
249,2023,0
249,2024,1
250,1994,0
250,1995,0
250,1996,0
250,1997,0
250,1998,0
250,1999,0
250,2000,0
250,2001,0
250,2002,0
250,2003,0
250,2004,0
250,2005,0
250,2006,0
250,2007,0
250,2008,0
250,2009,0
250,2010,0
250,2011,0
250,2012,0
250,2013,0
250,2014,0
250,2015,0
250,2016,0
250,2017,0
250,2018,0
250,2019,0
250,2020,0
250,2021,0
250,2022,0
250,2023,0
250,2024,1
251,1994,0
251,1995,0
251,1996,0
251,1997,0
251,1998,0
251,1999,0
251,2000,0
251,2001,0
251,2002,0
251,2003,0
251,2004,0
251,2005,0
251,2006,0
251,2007,0
251,2008,0
251,2009,0
251,2010,0
251,2011,0
251,2012,0
251,2013,0
251,2014,0
251,2015,0
251,2016,0
251,2017,0
251,2018,0
251,2019,0
251,2020,0
251,2021,0
251,2022,0
251,2023,0
251,2024,1
252,1994,0
252,1995,0
252,1996,0
252,1997,0
252,1998,0
252,1999,0
252,2000,0
252,2001,0
252,2002,0
252,2003,0
252,2004,0
252,2005,0
252,2006,0
252,2007,0
252,2008,0
252,2009,0
252,2010,0
252,2011,0
252,2012,0
252,2013,0
252,2014,0
252,2015,0
252,2016,0
252,2017,0
252,2018,0
252,2019,0
252,2020,0
252,2021,0
252,2022,0
252,2023,0
252,2024,1
